id,Language_Code,Domain,Text_Generated,Model_Identifier,Output_Length,Label,Timestamp,Language_Name
1,xh,government,"Abahlali baseKapa nasezidolophini ezikufutshane bavakalise inkxalabo malunga nokuphuculwa kweenkonzo zamanzi emva kweentsuku ezininzi zokunqongophala kwamanzi kumakhaya. Urhulumente wasekhaya uthi iinkqubo zokulungisa imibhobho emidala ziyaqhubeka, ngelixa amaqela ezobunjineli esebenza ubusuku nemini ukuqinisekisa ukuba amanzi abuyiselwa ngokukhawuleza. Amagosa kamasipala athi le ngxaki ibangelwe kukudodobala kwezixhobo ezindala kunye nokunyuka kwemfuno yabemi. Abahlali bacelwa ukuba basebenzise amanzi ngobulumko ngexesha lokulungiswa, kwaye iinkonzo zokuhambisa amanzi ngeetanki ziyaqhubeka kwiindawo ezichaphazelekayo. Urhulumente uthe uza kuqhubeka nokunxibelelana noluntu ukuze kuqinisekiswe ukuba akukho mntu ushiywa ngaphandle kweziseko ezibalulekileyo. Amanyathelo okuqinisekisa uzinzo lwamanzi aqaliswe kwiiveki ezidlulileyo kwaye kulindeleke ukuba anike iziphumo ezibonakalayo kwiinyanga ezizayo.",chatgpt-4o,94,machine,2026-05-21T22:14:10.568451,isiXhosa
2,xh,public_policy,"Kwisigqibo esitsha esibhengezwe kwintlanganiso kawonke-wonke, urhulumente uchaze utshintsho kwimigaqo yokuhanjiswa kweenkonzo zoluntu ukuze kuphuculwe ukusebenza kwamasebe kamasipala. Esi sigqibo sijolise ekunciphiseni ukulibaziseka ekunikezelweni kweenkonzo ezifana nokuqokelelwa kwenkunkuma, ukulungiswa kweendlela, kunye nokuphendula izikhalazo zabemi. Abaphathi bathi iinkqubo ezintsha ziya kusebenzisa indlela edityanisiweyo yokulandelela izikhalazo ukuze kuqinisekiswe uxanduva olungcono. Uluntu lukhuthazwa ukuba luthathe inxaxheba kwiintlanganiso zoluntu ukuze lunike izimvo zalo. Urhulumente uthi le nkqubo iza kunceda ekwakheni ukuthembana phakathi kwabemi namasebe olawulo lwasekhaya, ngelixa kusomelezwa ukusebenza ngokufanelekileyo kweziseko zenkonzo.",chatgpt-4o,77,machine,2026-05-21T22:14:10.568817,isiXhosa
3,xh,municipal_services,"Izitalato ezininzi ezisemaphandleni zedolophu yaseGqeberha zifumene inkqubo entsha yokulungiswa kweendlela emva kokuba abemi bechaze ukonakala okukhulu okubangele ubunzima bokuhamba. Umasipala uthi amaqela okwakha asele eqalile ukugcwalisa imingxunya kunye nokuphucula iindlela eziphambili ezisetyenziswa mihla le. Le projekthi ijolise ekuphuculeni ukhuseleko lwabahambi ngeenyawo kunye nezithuthi, ngakumbi kwiindawo ezixakekileyo. Abahlali bavakalise ulwaneliseko oluthile kodwa bacela ukuba umsebenzi ugqitywe ngokukhawuleza ukuze kuthintelwe ukuxinana kwezimoto. Amagosa athi kukho ucwangciso olucacileyo lokuqinisekisa ukuba zonke iindawo ezichaphazelekayo ziyafikelelwa ngaphambi kokuphela konyaka.",chatgpt-4o,74,machine,2026-05-21T22:14:10.568866,isiXhosa
4,xh,civic_affairs,"Ngaphezulu kwabantu abaliwaka bathathe inxaxheba kwintlanganiso kawonke-wonke ebibanjelwe kwiholo yedolophu, apho bekuxoxwa khona ngemicimbi yophuhliso lwasekuhlaleni. Abahlali banikwe ithuba lokuveza izikhalazo zabo malunga nokungabikho kwezibane ezitalatweni kunye nokulibaziseka kokuqokelelwa kwenkunkuma. Amagosa kamasipala athe aqinisekisa ukuba ezi ngxaki ziya kufakwa phambili kwinkqubo yohlahlo lwabiwo-mali lwonyaka ozayo. Le ntlanganiso ikwajolise ekomelezeni intsebenziswano phakathi koluntu norhulumente wasekhaya. Abathathi-nxaxheba baceliwe ukuba baqhubeke nokubika iingxaki ukuze kuphuculwe iinkonzo.",chatgpt-4o,63,machine,2026-05-21T22:14:10.568888,isiXhosa
5,xh,government,"Ekhuluma kwinkomfa yeendaba, isithethi sikarhulumente sithe kukho inkqubela phambili ekuphunyezweni kweeprojekthi zokuphucula iziseko zophuhliso ezijolise ekudaleni amathuba emisebenzi. Ezi projekthi zibandakanya ukwakhiwa kwezikolo ezintsha, ukuphuculwa kwezibhedlele, kunye nokwandiswa kweenkonzo zamanzi. Urhulumente uthi le nkqubo iyinxalenye yesicwangciso esibanzi sokunciphisa intswela-ngqesho kunye nokuphucula umgangatho wobomi. Uluntu lukhuthazwa ukuba luthathe inxaxheba kwiinkqubo zokuqeqeshwa ezikhoyo ukuze lufumane izakhono ezintsha.",chatgpt-4o,55,machine,2026-05-21T22:14:10.568905,isiXhosa
6,xh,municipal_services,Umasipala waseThekwini ubhengeze inkqubo entsha yokuphucula ukuqokelelwa kwenkunkuma kumakhaya emva kwezikhalazo ezandileyo zabemi kwiindawo ezahlukeneyo. Le nkqubo iza kusebenzisa iishedyuli ezintsha kunye nezithuthi ezongeziweyo ukuze kuqinisekiswe ukuba inkunkuma iqokelelwa ngexesha elifanelekileyo. Amagosa athi le ndlela iza kunciphisa ukugcwala kweendawo zokulahla inkunkuma kunye nokuphucula ucoceko lwesixeko. Abahlali baceliwe ukuba basebenzisane namagosa ngokugcina inkunkuma kwiindawo ezichongiweyo. Urhulumente wasekhaya uthe uza kuqhubeka nokubeka iliso ukuze kuqinisekiswe impumelelo yale nkqubo.,chatgpt-4o,66,machine,2026-05-21T22:14:10.568921,isiXhosa
7,xh,civic_affairs,Abahlali baseRhawutini bavakalise inkxalabo malunga nokhuseleko emva kokunyuka kweziganeko zolwaphulomthetho kwezinye iindawo zedolophu. Amapolisa asekuhlaleni athe aqinisa ukugada kwiindawo ezichaphazelekayo kwaye aqhuba iiprojekthi zokubambisana noluntu ukuze kuncitshiswe ulwaphulomthetho. Iinkokeli zoluntu zikhuthaza abemi ukuba basebenzisane namapolisa ngokunika ulwazi olufanelekileyo. Urhulumente uthi izicwangciso ezongezelelweyo zokuphucula ukhuseleko loluntu zisemsebenzini kwaye ziya kubandakanya ukwandisa ukukhanya kwezitalato kunye neekhamera zokubeka iliso.,chatgpt-4o,56,machine,2026-05-21T22:14:10.568940,isiXhosa
8,xh,government,"Urhulumente wesizwe ubhengeze inkqubo entsha yokuphucula ukufikelela kwizibonelelo zoluntu kwiindawo ezisemaphandleni, ejolise ekuncedeni iintsapho ezihlala kude nezixeko ezikhulu. Le nkqubo iza kubandakanya ukwakhiwa kweendawo zokusebenza ezisondeleyo, kunye nokuphuculwa kweendlela zonxibelelwano. Amagosa athi oku kuya kunciphisa umthwalo wokuhamba kwabemi kwaye kuphucule ukufikelela kwiinkonzo ezibalulekileyo. Uluntu lukhuthazwa ukuba luthathe inxaxheba ekubhaliseni iinkqubo ezintsha ukuze kuqinisekiswe ukuba bonke abafanelekileyo bayazuza.",chatgpt-4o,57,machine,2026-05-21T22:14:10.568956,isiXhosa
9,xh,municipal_services,Izibane ezitalatweni kwiindawo ezininzi zaseMthatha sele ziqalisiwe ukulungiswa emva kwezikhalazo zabahlali malunga nokwanda kweengozi ebusuku. Umasipala uthi amaqela asebenzayo asele etshintshe izibane ezindala kwaye afaka ezintsha ezonga amandla. Le projekthi ijolise ekuphuculeni ukhuseleko kunye nokunciphisa ukusetyenziswa kombane ngokungafanelekanga. Abahlali bavakalise ulwaneliseko kwaye bacela ukuba umsebenzi wandiswe nakwezinye iindawo ezingekachaphazeleki. Umasipala uthi uya kuqhubeka nokulandelela imeko ukuze kuqinisekiswe ukuba zonke iindawo zifumana inkonzo efanelekileyo.,chatgpt-4o,63,machine,2026-05-21T22:14:10.568973,isiXhosa
10,xh,civic_affairs,"Ngexesha lentlanganiso yophuhliso lwasekuhlaleni, abahlali kunye namagosa kamasipala bavumelene ngokuseka amaqela asebenzayo ajolise ekuphuculeni iinkonzo zenkunkuma, amanzi, kunye neendlela. Ezi qela ziya kusebenza njengonxibelelwano phakathi koluntu norhulumente ukuze kuqinisekiswe ukuba iingxaki zisonjululwa ngokukhawuleza. Amagosa athi le ndlela iza kunceda ekwandiseni uxanduva kunye nokuphendula ngokukhawuleza kwizikhalazo. Abahlali baceliwe ukuba bathathe inxaxheba ngokuzimisela ukuze kuqinisekiswe impumelelo yale nkqubo yentsebenziswano.",chatgpt-4o,57,machine,2026-05-21T22:14:10.568992,isiXhosa
1,zu,municipal_services,Ngaphezulu kwemindeni eyizinkulungwane ezintathu endaweni yaseMgungundlovu ibhekene nokuphazamiseka kwamanzi ngemva kokonakala kwemibhobho emikhulu ephakela le ndawo. Umasipala uthi izisebenzi zawo sezithunyelwe ngokushesha ukuze zilungise le nkinga eqale ngesonto eledlule ngesikhathi kuqhuma ipayipi elidala elalisesimweni esibi. Abahlali batshelwe ukuthi basebenzise amanzi ngokonga ngesikhathi kulungiswa lo monakalo ukuze kugwenywe ukushoda okukhulu. Amaqembu ezobuchwepheshe asebenza ubusuku nemini ukuqinisekisa ukuthi amanzi abuyela ngokushesha emakhaya abantu. Uhulumeni wasekhaya uthi le nkinga igqamisa isidingo sokuvuselelwa kwengqalasizinda yamanzi ezindaweni eziningi. Umasipala uphinde wathi kuzokwethulwa uhlelo olusha lokuhlola njalo imigqa yamanzi ukuze kugwenywe ukuphinda kwenzeke izigameko ezifana nalezi esikhathini esizayo. Abaholi bomphakathi bacele ukuba kube nokuxhumana okungcono phakathi komphakathi nomasipala ngesikhathi kuqhubeka ukulungiswa ukuze abantu bahlale benolwazi olugcwele.,chatgpt-4o,110,machine,2026-05-21T22:14:10.569017,isiZulu
2,zu,government,"Emhlanganweni obusePitoli, uhulumeni umemezele uhlelo olusha lokwandisa amathuba emisebenzi entsheni ezweni lonke ngokugxila ekuqeqeshweni kwamakhono asemqoka ezimbonini ezikhulayo. Lolu hlelo luhlose ukunciphisa izinga eliphezulu lokuntuleka kwemisebenzi ngokunikeza abantu abasha amathuba okufunda nokusebenza ngesikhathi esisodwa. Izikhulu zikahulumeni zithi izinkampani ezizimele zizobambisana nohulumeni ukuze kuqeqeshwe abafundi ezindaweni zokusebenza zangempela. Abahlanganyeli balolu hlelo bazothola amathuba okuthola ulwazi olujulile emikhakheni efana nezobuchwepheshe, ezokwakha kanye nezinsiza zomphakathi. Uhulumeni uthi lokhu kuzokwakha umnotho oqinile ngokuhamba kwesikhathi. Abamele imiphakathi bamnkele kahle lo mqondo kodwa bacele ukuthi kube nokubeka iso ukuze kuqinisekiswe ukuthi wonke umuntu uthola amathuba alinganayo ngaphandle kokubandlululwa.",chatgpt-4o,92,machine,2026-05-21T22:14:10.569043,isiZulu
3,zu,civic_affairs,Abahlali baseThekwini babuthane enkundleni yomphakathi bezwakalisa ukukhathazeka ngokuqhubeka kokubambezeleka kwezinsiza zomphakathi ezifana nokuqoqwa kukadoti kanye nokulungiswa kwemigwaqo. Le nhlangano ibihlose ukuxoxa ngentuthuko kanye nezinkinga ezibhekene nomphakathi nsuku zonke. Abamele umasipala bachaze ukuthi kunezinkinga zokushoda kwemishini kanye nesabelomali esilinganiselwe esithinta ijubane lokusebenza. Abantu abebekhona bacele ukuthi kube nokuphendula okusheshayo kanye nokwethulwa kohlelo lokuxhumana olucacile phakathi komasipala nomphakathi. Uhulumeni wasekhaya uthe uzobeka phambili lezi zinkinga ezinhlelweni zawo ezilandelayo zokuthuthukisa izindawo zasemadolobheni. Abaholi bomphakathi bagcizelele ukubaluleka kokubambisana ukuze izinsiza zifinyeleleke ngokulinganayo kubo bonke abantu abahlala kule ndawo.,chatgpt-4o,84,machine,2026-05-21T22:14:10.569063,isiZulu
4,zu,municipal_services,Emadolobheni amancane aseMpumalanga Kapa kuqale uhlelo olusha lokulungisa izibani zomgwaqo ezilimele ezindaweni eziningi ezibikwe njengezimnyama ebusuku. Umasipala uthi le projekthi izogxila ezindaweni ezinengozi ephezulu ukuze kuthuthukiswe ukuphepha kwabantu abahamba ebusuku. Izisebenzi zikamasipala sezivele zishintshe izibani ezindala zafaka ezintsha ezonga ugesi futhi ezisebenza isikhathi eside. Abahlali baveze injabulo ngokuthi lokhu kuzonciphisa ubugebengu obuvame ukwenzeka ebumnyameni. Uhulumeni wasekhaya uthi le misebenzi izoqhubeka kuze kube zonke izindawo ezithintekile sezilungisiwe. Abantu bacele ukuthi kunwetshwe lolu hlelo lufinyelele nakwezinye izindawo ezisemakhaya ukuze kuphuculwe izinga lokuphepha kuzwelonke.,chatgpt-4o,81,machine,2026-05-21T22:14:10.569083,isiZulu
5,zu,public_policy,Uhulumeni umemezele izinguquko ezintsha kunqubomgomo yokuhlinzekwa kwezindlu zomphakathi ngenhloso yokusheshisa inqubo yokuthola izindlu kubantu abadinga usizo. Le nqubomgomo entsha izogxila ekunciphiseni ukubambezeleka nasekukhuphuleni ukubeka phambili imindeni esengozini enkulu. Izikhulu zithi kuzokwenziwa uhlelo olusha lokubhalisa oluzoba sobala futhi olulula ukulusebenzisa ukuze kugwenywe ukungahleleki. Abantu abamukele izindlu zomphakathi bazocelwa ukuthi babambe iqhaza ekuhlolweni kwenqubomgomo ukuze kuthuthukiswe ukusebenza kwayo. Uhulumeni uthi lokhu kuyingxenye yokuzibophezela ekwakheni imiphakathi ehlala kahle nenokulingana. Abaholi bomphakathi bakubonge lokhu kodwa bagcizelela isidingo sokuqapha ukuqaliswa kwalolu hlelo ukuze kuzuze abantu abahlosiwe.,chatgpt-4o,81,machine,2026-05-21T22:14:10.569102,isiZulu
6,zu,government,"Ekhuluma esithangamini nabezindaba, isikhulu sikahulumeni sichaze inqubekelaphambili eyenziwe ezinhlelweni zokuthuthukisa ingqalasizinda ezweni lonke. Lezi zinhlelo zibandakanya ukwakhiwa kwemigwaqo emisha, ukulungiswa kwezibhedlela kanye nokwandiswa kwezikhungo zemfundo. Uhulumeni uthi le misebenzi ihlose ukwakha amathuba emisebenzi nokukhuthaza ukukhula komnotho. Izikhulu zithi izifunda eziningi sezivele zibona izinguquko ezibonakalayo ngenxa yalezi zinhlelo. Abahlali bakhuthazwa ukuthi babambe iqhaza ekuqashweni kwezinhlelo zokuqeqeshwa ezihambisana nale misebenzi. Uhulumeni uthi uzoqhubeka nokubeka phambili ukuthuthukiswa kwezindawo zasemakhaya ukuze kuqinisekiswe ukuthi intuthuko ifinyelela kubo bonke abantu ngokulinganayo.",chatgpt-4o,75,machine,2026-05-21T22:14:10.569130,isiZulu
7,zu,civic_affairs,"Ngemuva kokukhula kwezikhalo mayelana nokuphepha emiphakathini ethile yaseGoli, amaphoyisa kanye nomphakathi sebebambisene ekusunguleni izinhlelo zokugada ezindaweni ezisengozini. Lezi zinhlelo zihlose ukunciphisa ubugebengu ngokwandisa ukubambisana phakathi kwabahlali nabomthetho. Abaholi bomphakathi bathi ukubika izigameko ngesikhathi kusiza kakhulu ekuthathweni kwezinyathelo ezisheshayo. Uhulumeni uthi izinhlelo zokukhanyisa imigwaqo nokufaka amakhamera ezindaweni ezithile sezivele ziqalisiwe. Abantu bakhuthazwa ukuthi bangesabi ukubika izenzo ezingekho emthethweni ukuze kuvikelwe imiphakathi yabo. Le ndlela entsha yokubambisana ibhekwa njengendlela ebalulekile yokwakha ukuphepha okuhlala isikhathi eside.",chatgpt-4o,73,machine,2026-05-21T22:14:10.569151,isiZulu
8,zu,municipal_services,Izinkinga zokugcwala kukadoti ezindaweni ezithile zaseKhayelitsha seziqalile ukubhekwana nazo ngohlelo olusha lokuqoqwa kwenkunkuma olumenyezelwe umasipala. Lolu hlelo luhlose ukwandisa imvamisa yokuqoqwa kukadoti kanye nokusebenzisa izimoto ezintsha ezithuthukisiwe. Abaholi bakamasipala bathi lokhu kuzonciphisa izingozi zezempilo ezibangelwa udoti onqwabelene. Abahlali bacele ukuthi kube nokulandelela okuqhubekayo ukuze kuqinisekiswe ukuthi uhlelo lusebenza kahle. Uhulumeni wasekhaya uthi uzosebenzisana nemiphakathi ukuze kufundiswe abantu ngokuphathwa kahle kukadoti. Le misebenzi ihlose ukwakha izindawo ezihlanzekile nezihlala kahle kubo bonke abantu.,chatgpt-4o,71,machine,2026-05-21T22:14:10.569174,isiZulu
9,zu,government,"Uhulumeni wesifundazwe umemezele uhlelo lokukhulisa ukufinyelela ezinsizeni zomphakathi ezindaweni ezisemakhaya ezikude nezikhungo ezinkulu. Lolu hlelo luhlose ukuletha izinsiza ezibalulekile ezifana nezempilo, imfundo kanye namathuba okuqeqeshwa eduze kwabantu. Izikhulu zithi lokhu kuzonciphisa isidingo sokuhamba amabanga amade ukuze kutholakale usizo. Abaholi bomphakathi bamukele kahle lezi zinhlelo kodwa bacele ukuthi kuqinisekiswe ukuthi zifinyelela ngokulinganayo kubo bonke abantu. Uhulumeni uthi uzosebenzisana nemikhandlu yendawo ukuze kuqinisekiswe ukuqaliswa okuphumelelayo kwalolu hlelo ezweni lonke.",chatgpt-4o,67,machine,2026-05-21T22:14:10.569191,isiZulu
10,zu,public_policy,"Ngaphakathi kwesu elisha likazwelonke lokuthuthukisa ezemfundo, uhulumeni uthi uzogxila ekuthuthukiseni izikole zasemiphakathini entulayo ngokunikeza izinsiza ezengeziwe kanye nokuqeqeshwa kothisha. Le nqubomgomo ihlose ukunciphisa umehluko phakathi kwezikole ezisemadolobheni nezasemakhaya. Izikhulu zithi izinhlelo zokuhlola ukusebenza kwezikole zizothuthukiswa ukuze kuqinisekiswe ikhwalithi yemfundo. Abazali nabafundi bakhuthazwa ukuthi babambe iqhaza ezinhlelweni zokuthuthukisa imfundo. Uhulumeni uthi lokhu kuyingxenye yomzamo wokwakha ikusasa eliqinile lezwe ngokutshala imali emfundweni yabantu abasha.",chatgpt-4o,62,machine,2026-05-21T22:14:10.569209,isiZulu
1,zu,government,Ngaphezulu kwemizi eyizinkulungwane ezine ezindaweni ezisemakhaya aseLimpopo ibhekene nokuphazamiseka kwezinsiza zikagesi ngemva kokulimala kwemigqa emikhulu ngesikhathi kunesiphepho esinamandla. Umasipala kanye nezinkampani zikagesi basebenzisana ukuze kubuyiselwe ugesi ngokushesha emakhaya athintekile. Izisebenzi zobunjiniyela zisebenza ubusuku nemini ukulungisa izingxenye ezilimele ukuze kugwenywe ukulibaziseka okukhulu. Abahlali baceliwe ukuba basebenzise ugesi ngokonga uma usubuyile ukuze kugwenywe ukugcwala ngokweqile kwenethiwekhi. Uhulumeni uthi le nkinga igqamisa isidingo sokutshalwa kwemali engeziwe ekuvuseleleni ingqalasizinda kagesi ezindaweni zasemakhaya. Izinhlelo zokuvikela imigqa kagesi ezimweni zesimo sezulu esibi sezibekiwe njengengxenye yohlelo lwesikhathi eside lokuthuthukisa ukuqina kwengqalasizinda.,chatgpt-4o,84,machine,2026-05-21T22:14:10.569229,isiZulu
2,zu,municipal_services,Emadolobheni ase-Eastern Cape kuqale uhlelo olusha lokulungisa imigwaqo emikhulu eyonakele kakhulu ebangele izingozi eziningi ezinyangeni ezedlule. Umasipala uthi le projekthi igxile emigwaqweni exhumanisa izindawo ezisemqoka zomnotho kanye nezikhungo zomphakathi. Amaqembu okwakha asevele eqalile ukugcwalisa imigodi nokuvuselela izingxenye ezigugile zomgwaqo. Abashayeli bakhuthazwa ukuba basebenzise eminye imigwaqo ngesikhathi sokulungiswa ukuze kugwenywe ukuxinana kwezimoto. Uhulumeni wasekhaya uthi uzosebenzisa izinhlelo zokubeka iso ukuze kuqinisekiswe ukuthi umsebenzi wenziwa ngokuhleleka. Abahlali bamukele kahle lolu hlelo kodwa bacele ukuthi umsebenzi usheshiswe ukuze kuncishiswe ukuphazamiseka kwempilo yansuku zonke.,chatgpt-4o,80,machine,2026-05-21T22:14:10.569248,isiZulu
3,zu,civic_affairs,"Ekhuluma emhlanganweni womphakathi eSoweto, abaholi bomphakathi kanye nomasipala baxoxisane ngezinkinga ezibhekene nezinsiza zomphakathi ezifana nokuntuleka kwamanzi nokulibaziseka kokuqoqwa kukadoti. Abantu abebekhona baveze ukukhathazeka ngokuthi lezi zinkinga zihlala isikhathi eside ngaphandle kokuxazululwa okucacile. Umasipala uthe kunezinhlelo ezisasebenza zokuthuthukisa ukusebenza kwamasevisi ngokwengeza abasebenzi kanye nemishini emisha. Abahlali baceliwe ukuba babike izinkinga ngokushesha ukuze kube lula ukungenelela. Uhulumeni uthi ukubambisana nomphakathi kubalulekile ukuze kuthuthukiswe izinga lokuhlinzekwa kwezinsiza. Le ngxoxo ibhekwa njengengxenye ebalulekile yokwakha ukwethembana phakathi kukahulumeni nabantu.",chatgpt-4o,74,machine,2026-05-21T22:14:10.569267,isiZulu
4,zu,government,"Ngemuva komhlangano kazwelonke ePitoli, uhulumeni umemezele uhlelo olusha lokulwa nokuntuleka kwemisebenzi ngokugxila ekuthuthukiseni amabhizinisi amancane naphakathi. Lolu hlelo luhlose ukuhlinzeka ngosizo lwezimali kanye nokuqeqeshwa kosomabhizinisi abasha ukuze bakwazi ukukhulisa imisebenzi yabo. Izikhulu zithi kuzokwakhiwa izikhungo zokweseka amabhizinisi ezindaweni ezahlukene ukuze kube lula ukufinyelela usizo. Abahlanganyeli bamukele le nqubomgomo kodwa bacele ukuthi kube nokulandelela okuqinile ukuze kuqinisekiswe ukusebenza kwayo. Uhulumeni uthi lokhu kuyingxenye yesu elibanzi lokukhuthaza ukukhula komnotho okusimeme ezweni lonke.",chatgpt-4o,70,machine,2026-05-21T22:14:10.569285,isiZulu
5,zu,municipal_services,Umasipala waseThekwini ubike ukuthi kuzoqaliswa uhlelo olusha lokuthuthukisa ukuhlinzekwa kwamanzi ezindaweni ezihlala zibhekene nokushoda kwamanzi ngesikhathi sasehlobo. Lolu hlelo luhlanganisa ukwakhiwa kwamathangi amasha nokulungiswa kwemibhobho emidala. Izisebenzi zikamasipala zithi seziqalile ukuhlola izindawo ezisengozini enkulu ukuze kubekwe phambili ukungenelela. Abahlali bakhuthazwa ukuthi babambe iqhaza ekongeni amanzi ukuze kuqinisekiswe ukusimama kwalesi simo. Uhulumeni wasekhaya uthi uzosebenzisa izinhlelo zokwazisa umphakathi ukuze abantu baqonde kangcono indlela yokuphatha amanzi. Le projekthi kulindeleke ukuthi ithuthukise kakhulu ukuzinza kokuhlinzekwa kwamanzi esifundeni.,chatgpt-4o,74,machine,2026-05-21T22:14:10.569303,isiZulu
6,zu,public_policy,Uhulumeni wesifundazwe umemezele izinguquko ezintsha kumigomo yokuhanjiswa kwezinsiza zomphakathi ukuze kuncishiswe ukubambezeleka ekuphenduleni izikhalazo zabantu. Lolu shintsho luhlose ukwenza kube lula ukulandelela izikhalo kusetshenziswa izinhlelo zedijithali. Izikhulu zithi lokhu kuzokwandisa ukubeka obala kanye nokuthuthukisa ukuphendula ngokushesha. Abahlali bakhuthazwa ukuthi basebenzise lezi zinhlelo ezintsha ukuze babike izinkinga ezikhona emiphakathini yabo. Uhulumeni uthi le ndlela izosiza ekwakheni izinsiza zomphakathi ezisebenza kahle futhi ezithembekile.,chatgpt-4o,61,machine,2026-05-21T22:14:10.569319,isiZulu
7,zu,agriculture,Emapulazini aseFree State abalimi babhekene nezinselelo zokwehla kwesivuno ngenxa yokushintsha kwesimo sezulu kanye nokuntuleka kwemvula eyanele. Uhulumeni uthi useqalile uhlelo lokweseka abalimi ngokuhlinzeka ngembewu ethuthukisiwe kanye nokuqeqeshwa kwezindlela zokulima ezisimeme. Lezi zinhlelo zihlose ukwandisa ukukhiqizwa kokudla nokunciphisa ukuthembela ekungenisweni kokudla kwamanye amazwe. Abalimi bakhuthazwa ukuthi basebenzise izindlela zesimanje zokonga amanzi nokuvikela umhlabathi. Uhulumeni uthi uzosebenzisana nezinhlangano zezolimo ukuze kuqinisekiswe ukuthi abalimi abancane nabo bayazuza kulezi zinhlelo.,chatgpt-4o,66,machine,2026-05-21T22:14:10.569337,isiZulu
8,zu,rural_development,Ezindaweni zasemakhaya aseKwaZulu-Natali kuqale uhlelo olusha lokuthuthukisa ingqalasizinda yezolimo kanye nokufinyelela ezimakethe kubalimi abancane. Lolu hlelo luhlose ukwakha imigwaqo yokuxhuma amapulazi nezikhungo zokuhweba ukuze kube lula ukuthutha imikhiqizo. Izikhulu zithi lokhu kuzokwandisa amathuba emisebenzi futhi kuthuthukise umnotho wasezindaweni zasemakhaya. Abaholi bomphakathi bamukele le projekthi kodwa bacele ukuthi kuqinisekiswe ukuthi iyafinyelela kubo bonke abalimi ngaphandle kokukhetha. Uhulumeni uthi uzosebenzisana nezinhlaka zendawo ukuze kuqinisekiswe ukuqaliswa okuphumelelayo kwalolu hlelo.,chatgpt-4o,66,machine,2026-05-21T22:14:10.569354,isiZulu
9,zu,agriculture,"Ngemuva kokwanda kwesidingo sokudla ezweni, uhulumeni umemezele uhlelo lokweseka abalimi bommbila ngokuhlinzeka ngosizo lwezimali kanye nemishini yokulima. Lolu hlelo luhlose ukukhulisa ukukhiqizwa kokudla okuyisisekelo ukuze kuqinisekiswe ukuphepha kokudla ezweni. Abalimi bazophinde bathole ukuqeqeshwa mayelana nokusebenzisa imbewu ethuthukisiwe kanye nokulawula izinambuzane ngendlela efanele. Izikhulu zithi lokhu kuyingxenye yesu elibanzi lokuqinisa umnotho wezolimo. Abahlanganyeli emkhakheni wezolimo bakubonge lokhu kodwa bacele ukuthi kube nokubeka iso okuqinile ukuze kuqinisekiswe ukusatshalaliswa okufanele kwezinsiza.",chatgpt-4o,68,machine,2026-05-21T22:14:10.569371,isiZulu
10,zu,rural_development,Emiphakathini yasemakhaya aseMpumalanga Kapa kuqalwe uhlelo lokuthuthukisa ukufinyelela emanzini okuhlanzekile kanye nezinsiza zokunisela emapulazini amancane. Lolu hlelo luhlose ukunciphisa ubunzima ababhekene nabo abalimi ngesikhathi sezomiso ezinde. Izisebenzi zikahulumeni zithi seziqalile ukufaka amapayipi amasha kanye nokulungisa imithombo yamanzi endala. Abalimi bakhuthazwa ukuba basebenzise lezi zinsiza ngendlela esimeme ukuze kuqinisekiswe ukusimama kwesikhathi eside. Uhulumeni uthi le projekthi izodlala indima enkulu ekuthuthukiseni ukukhiqizwa kokudla ezindaweni zasemakhaya.,chatgpt-4o,63,machine,2026-05-21T22:14:10.569388,isiZulu
1,zu,social_grants,"Abantu abangaphezu kwezigidi ezintathu ezweni lonke sebezuze ezinhlelweni ezintsha zokukhokhwa kwezibonelelo zikahulumeni ezibhekiswe emindenini esengozini enkulu. Uhulumeni uthi le nkqubo ihlose ukuqinisekisa ukuthi abantu abadala, izingane kanye nabakhubazekile bathola ukwesekwa okufanele ngesikhathi. Izikhulu zomnyango wezenhlalakahle zithi izinhlelo zokukhokha sezithuthukisiwe ukuze kuncishiswe ukubambezeleka nokwandisa ukufinyelela kwabahlomulayo. Abahlomulayo bakhuthazwa ukuthi basebenzise izindlela ezisemthethweni zokubhalisa ukuze bagweme ukukhwabanisa. Uhulumeni uthi lokhu kuyingxenye yomzamo wokunciphisa ubuphofu nokwakha imiphakathi ezinzile. Abaholi bomphakathi bamnkele kahle lo msebenzi kodwa bacele ukuthi kube nokubeka iso okuqinile ukuze kuqinisekiswe ukuthi akekho oshiywa ngaphandle.",chatgpt-4o,84,machine,2026-05-21T22:14:10.569412,isiZulu
2,zu,housing_support,Ngaphezulu kwemindeni eyizinkulungwane ezinhlanu esifundeni saseGauteng izothola izindlu ezintsha ngaphansi kohlelo lukahulumeni lokwakhiwa kwezindlu zomphakathi. Lolu hlelo luhlose ukubhekana nenkinga yokushoda kwezindlu eziphephile nezingabizi kubantu abahola kancane. Izikhulu zithi izindlu ezakhiwayo zihambisana nezindinganiso zokuphepha kanye nengqalasizinda eyisisekelo efana namanzi nogesi. Abahlali abahlomulayo bakhuthazwa ukuthi babhalise ngokusemthethweni ukuze bakwazi ukufinyelela kulolu hlelo. Uhulumeni uthi uzosebenzisana nemikhandlu yendawo ukuqinisekisa ukuthi ukwabiwa kwezindlu kwenziwa ngendlela efanele. Abaholi bomphakathi bacele ukuthi kube sobala ekukhethweni kwabahlomulayo ukuze kugwenywe ukungqubuzana.,chatgpt-4o,74,machine,2026-05-21T22:14:10.569430,isiZulu
3,zu,community_welfare,Emiphakathini eminingi yasemadolobheni kuqale uhlelo olusha lokweseka imindeni ebhekene nobunzima bokungasebenzi kanye nokushoda kokudla. Lolu hlelo luhlanganisa ukuhlinzekwa ngamaphakethe okudla kanye nezinhlelo zokuqeqeshwa kwamakhono ukuze abantu bakwazi ukuzimela. Izisebenzi zenhlalakahle zithi ziyasebenzisana nezinhlangano ezizimele ukuze kwandiswe ukufinyelela kosizo. Abahlali abahlomulayo bakhuthazwa ukuthi babambe iqhaza ezinhlelweni zokuqeqeshwa ukuze bathuthukise amathuba abo emisebenzi. Uhulumeni uthi lokhu kuyingxenye yesu elibanzi lokulwa nobuphofu emiphakathini esengozini enkulu. Abaholi bomphakathi bamnkele lolu hlelo kodwa bagcizelela isidingo sokuqhubeka nokwesekwa isikhathi eside.,chatgpt-4o,74,machine,2026-05-21T22:14:10.569448,isiZulu
4,zu,social_grants,"Ekhuluma emhlanganweni wokwazisa umphakathi, izikhulu zikahulumeni zichaze izinguquko ezintsha ezinhlelweni zezibonelelo ukuze kuqinisekiswe ukuthi abantu abafanelekile bathola usizo ngaphandle kokubambezeleka. Lolu hlelo olusha lusebenzisa izinhlelo zedijithali ukuqinisekisa ukubhaliswa okunembile nokunciphisa ukukhwabanisa. Abahlomulayo bakhuthazwa ukuthi bavuselele imininingwane yabo njalo ukuze bagweme ukuphazamiseka ekukhokhelweni. Uhulumeni uthi uzosebenzisana nezikhungo zomphakathi ukuze kuqinisekiswe ukufinyelela okulula kosizo. Abaholi bomphakathi bagcizelele ukubaluleka kokubeka iso ukuze kuqinisekiswe ukuthi izinsiza zifinyelela kubantu abahlosiwe kuphela.",chatgpt-4o,66,machine,2026-05-21T22:14:10.569465,isiZulu
5,zu,housing_support,Umasipala waseThekwini umemezele uhlelo lokuphuthumisa ukwakhiwa kwezindlu kubantu abahlala ezindaweni ezingaphephile nezibizwa ngokuthi izindawo ezingahlelekile. Lolu hlelo luhlose ukuthutha imindeni iye ezindlini ezakhiwe ngokusemthethweni ezinezinsiza eziyisisekelo. Izisebenzi zikamasipala zithi seziqalile ukuhlonza izindawo ezibeka abantu engcupheni yezikhukhula kanye nokulimala. Abahlali baceliwe ukuthi basebenzisane nohulumeni ngesikhathi sokuthuthwa ukuze kuqinisekiswe ukuphepha. Uhulumeni uthi lokhu kuyingxenye yomzamo wokwakha imiphakathi ehlala kahle nenokuphepha. Abaholi bomphakathi bacele ukuthi kube nokuxhumana okucacile ukuze kugwenywe ukudideka ngesikhathi sokuthuthwa.,chatgpt-4o,70,machine,2026-05-21T22:14:10.569486,isiZulu
6,zu,community_welfare,"Ngemuva kokwanda kwezinkinga zokungasebenzi emiphakathini ethile, uhulumeni umemezele uhlelo lokweseka abantu abasha ngemisebenzi yesikhashana kanye nokuqeqeshwa kwamakhono. Lolu hlelo luhlose ukunciphisa umthelela wobuphofu ngokunikeza abantu amathuba okusebenza ezinhlelweni zomphakathi. Izikhulu zithi izinkampani ezizimele nazo zizobamba iqhaza ekwakheni amathuba emisebenzi. Abahlomulayo bakhuthazwa ukuthi basebenzise leli thuba ukuthuthukisa amakhono abo. Uhulumeni uthi lokhu kuyingxenye yesu elibanzi lokwakha umnotho onamathuba alinganayo kubo bonke.",chatgpt-4o,60,machine,2026-05-21T22:14:10.569506,isiZulu
7,zu,social_grants,Izinkulungwane zabantu abadala ezweni lonke zizothola ukwenyuswa kwezibonelelo zazo kulandela isimemezelo sikahulumeni esisha esihlose ukulwa nokukhuphuka kwezindleko zokuphila. Izikhulu zithi lokhu kukhuphuka kuhloswe ukusiza abantu abadala ukuba bakwazi ukuhlangabezana nezidingo zabo eziyisisekelo. Uhlelo lokukhokha luzoqhubeka ngendlela ejwayelekile kodwa luthuthukiswe ukuze kuncishiswe ukubambezeleka. Abahlomulayo bakhuthazwa ukuthi basebenzise iziteshi ezisemthethweni ukuze bathole ulwazi oluqondile. Uhulumeni uthi uzibophezele ekuqinisekiseni ukuthi izakhamuzi ezisengozini enkulu azishiywa ngaphandle kosizo.,chatgpt-4o,63,machine,2026-05-21T22:14:10.569523,isiZulu
8,zu,housing_support,Emiphakathini yasemakhaya kuqale uhlelo lokwakhiwa kwezindlu ezibhekele imindeni ehola kancane ukuze kuthuthukiswe izinga lokuphila. Lolu hlelo luhlanganisa ukwakhiwa kwezindlu ezinamandla ezingamelana nezimo zezulu ezinzima. Izikhulu zithi izindawo ezikhethiwe zisebenza ngokuhambisana nezinhlelo zentuthuko yesifunda. Abahlali bakhuthazwa ukuthi babambe iqhaza ezinhlelweni zokubhalisa ukuze bakwazi ukufakwa ohlwini lwabahlomulayo. Uhulumeni uthi lokhu kuyingxenye yokuzibophezela ekwakheni imiphakathi ephephile nenokulingana. Abaholi bomphakathi bagcizelele ukubaluleka kokuba sobala ekukhethweni kwabahlomulayo.,chatgpt-4o,62,machine,2026-05-21T22:14:10.569543,isiZulu
9,zu,community_welfare,"Ngaphakathi kwezinhlelo ezintsha zokweseka imiphakathi esengozini, uhulumeni usungule izikhungo zosizo ezizohlinzeka ngokudla, izeluleko kanye nokwesekwa kwezempilo kubantu abaswele. Lezi zikhungo ziqale ukusebenza ezindaweni ezithile ezihlushwa izinga eliphezulu lobuphofu. Izisebenzi zithi inhloso enkulu ukunciphisa umthelela wokungalingani emphakathini. Abahlomulayo bakhuthazwa ukuthi basebenzise lezi zinsiza ukuze bathuthukise izimpilo zabo. Uhulumeni uthi uzosebenzisana nezinhlangano zomphakathi ukuqinisekisa ukusimama kwalezi zinhlelo zesikhathi eside.",chatgpt-4o,57,machine,2026-05-21T22:14:10.569561,isiZulu
1,zu,education,"Ngaphezulu kwabafundi abayizinkulungwane eziyishumi ezikoleni ezahlukene esifundazweni saseGauteng bathole ithuba lokuqala uhlelo olusha lokuthuthukisa ukufunda olugxile ekuthuthukiseni amakhono ezibalo, ukufunda nokubhala kanye nokucabanga okujulile. Uhulumeni uthi lolu hlelo luhlose ukunciphisa izinga eliphezulu lokwehluleka ezikoleni ngokunikeza othisha ukwesekwa okukhulu kanye nezinsiza ezengeziwe zokufundisa. Izikole eziningi sezithole izincwadi ezintsha, amathuluzi okufundisa kanye nezinhlelo zokuqeqesha othisha ukuze bathuthukise indlela yokufundisa. Abazali bakhuthazwa ukuthi babambe iqhaza ekufundeni kwezingane zabo ngokubambisana nothisha ukuze kuthuthukiswe imiphumela yezemfundo. Izikhulu zemfundo zithi lokhu kuyingxenye yesu elibanzi lokwakha isizukulwane esinamakhono aqinile okuzimela. Abafundi nabo bakhuthazwa ukuthi basebenzise amathuba okuqeqeshwa angeziwe ukuze bathuthukise ikusasa labo futhi babe nempumelelo emkhakheni abawukhethayo.",chatgpt-4o,100,machine,2026-05-21T22:14:10.569587,isiZulu
2,zu,education,Ezinhlanganweni zemfundo ephakeme ezweni lonke kuqale uhlelo olusha lokweseka abafundi abasuka emiphakathini esengozini ngokubanikeza izibonelelo zokufunda kanye nokusekelwa kwezindlu. Uhulumeni uthi le ndlela ihlose ukuqinisekisa ukuthi akukho mfundi oshiywa ngaphandle ngenxa yezimo zezimali. Izinhlangano zemfundo ephakeme zisebenzisana nohulumeni ukuhlinzeka ngezinhlelo zokuqeqesha ezihambisana nezidingo zomnotho wanamuhla. Abafundi bakhuthazwa ukuthi basebenzise izinsiza zokwelulekwa ukuze bakwazi ukuphumelela ezifundweni zabo. Izikhulu zithi lokhu kuyingxenye yokwakha umnotho onolwazi oluqinile noluncintisanayo. Abaholi bezemfundo baphinde bagcizelela ukubaluleka kokuthuthukisa izinga lokuphumelela kwabafundi ukuze kuqinisekiswe ikusasa eliqhakazile.,chatgpt-4o,78,machine,2026-05-21T22:14:10.569606,isiZulu
3,zu,education,"Ngemuva kokukhula kokukhathazeka ngezinga lokuphumelela kwabafundi ezifundweni zezibalo nesayensi, uhulumeni umemezele uhlelo lokuqinisa ukufundisa lezi zifundo ezikoleni ezisemadolobheni nasezindaweni zasemakhaya. Lolu hlelo luhlanganisa ukuqeqeshwa okusha kothisha kanye nokwethulwa kwezinsiza zesimanje zokufundisa. Izikole ezithile sezithole amalabhorethri amasha ukuze abafundi bakwazi ukwenza izivivinyo ezisebenzayo. Abazali nabafundi bakhuthazwa ukuba basebenzisane nothisha ukuze kuthuthukiswe imiphumela. Uhulumeni uthi le ndlela izosiza ekwakheni isizukulwane esinamakhono esingaqhuba umnotho wezwe. Abaholi bomphakathi bakubheke njengokutshalwa kwemali okubalulekile ekusaseni lezwe.",chatgpt-4o,70,machine,2026-05-21T22:14:10.569627,isiZulu
4,zu,education,"Ekhuluma emcimbini wokwethulwa kohlelo lwezemfundo, isikhulu sikahulumeni sichaze izinhlelo ezintsha zokuthuthukisa izikole ezisemiphakathini entulayo ngokuhlinzeka ngezinsiza ezanele kanye nokuthuthukisa ingqalasizinda. Lezi zinhlelo zibandakanya ukwakhiwa kwamagumbi okufundela amasha kanye nokulungiswa kwezakhiwo ezindala. Abafundi bazophinde bathole amathuba okuqeqeshwa okungeziwe emikhakheni ehlukahlukene ukuze bakwazi ukuthola amakhono asebenzayo. Abazali bakhuthazwa ukuba babambe iqhaza emisebenzini yesikole ukuze kuthuthukiswe imiphumela. Uhulumeni uthi lokhu kuyingxenye yomzamo wokunciphisa umehluko phakathi kwezikole ezisemadolobheni nezasemakhaya. Abaholi bezemfundo bakwamukele lokhu njengesinyathelo esibalulekile sokuthuthukisa izinga lemfundo ezweni.",chatgpt-4o,75,machine,2026-05-21T22:14:10.569644,isiZulu
5,zu,education,Abafundi abaningi ezikoleni eziphakeme ezweni lonke bazuze ohlelweni olusha lokufundisa olusebenzisa ubuchwepheshe besimanje ukuze kuthuthukiswe ukuqonda kwezifundo ezinzima. Uhulumeni uthi le ndlela ihlose ukwenza ukufunda kube lula futhi kube nentshisekelo enkulu kubafundi. Othisha bathole ukuqeqeshwa okusha ukuze bakwazi ukusebenzisa la mathuluzi ngendlela efanele ekilasini. Abafundi bakhuthazwa ukuthi basebenzise izinhlelo zokufunda ezengeziwe ukuze bathuthukise amakhono abo. Izikhulu zithi lokhu kuyingxenye yokulungiselela abafundi umnotho wesikhathi esizayo. Abazali bakubheke njengokuthuthukisa okuzokwenza izingane zabo zibe namathuba angcono emhlabeni wokusebenza.,chatgpt-4o,75,machine,2026-05-21T22:14:10.569662,isiZulu
6,zu,education,Eminyuziyamu yezemfundo nasezikhungweni zemfundo ephakeme kuqalwe uhlelo lokukhuthaza ucwaningo nokusungula izinto ezintsha phakathi kwabafundi nabacwaningi abasebasha. Uhulumeni uthi lolu hlelo luhlose ukukhulisa inani labantu abanamakhono ocwaningo ezweni. Abafundi bazothola ukwesekwa ngezimali kanye nokuqeqeshwa okujulile ukuze bakwazi ukwenza amaphrojekthi ocwaningo aphusile. Izikhungo zemfundo zithi lokhu kuzokhuthaza ukwakhiwa kwezixazululo zezinkinga zomphakathi. Abahlanganyeli bakhuthazwa ukuthi basebenzise leli thuba ukuze bathuthukise amakhono abo. Uhulumeni uthi lokhu kuyingxenye yokwakha isizwe esisekelwe olwazini nasekusunguleni.,chatgpt-4o,68,machine,2026-05-21T22:14:10.569679,isiZulu
7,zu,health,Emiphakathini eminingi yasemadolobheni kuqale umkhankaso omusha wokugoma abantu ukuze kuncishiswe ukusabalala kwezifo ezithathelwanayo. Uhulumeni uthi le nkqubo ihlose ukuvikela abantu abasengozini enkulu njengabantu abadala nezingane ezincane. Izikhungo zezempilo zisebenzisana nomphakathi ukuze kuqinisekiswe ukuthi abantu bathola ulwazi olufanele mayelana nokubaluleka kokugoma. Abahlali bakhuthazwa ukuthi babambe iqhaza kulo mkhankaso ukuze bavikele imindeni yabo. Izisebenzi zezempilo zithi lokhu kuyingxenye yomzamo wokuthuthukisa impilo yomphakathi. Uhulumeni uthi uzosebenzisa izindlela zokwazisa ezahlukene ukuze kuqinisekiswe ukuthi wonke umuntu uyafinyelelwa.,chatgpt-4o,72,machine,2026-05-21T22:14:10.569696,isiZulu
8,zu,health,"Ekhuluma esibhedlela esikhulu saseThekwini, izikhulu zezempilo zichaze izinhlelo ezintsha zokunciphisa isikhathi sokulinda ezikhungweni zezempilo zomphakathi. Lolu hlelo luhlanganisa ukwandisa abasebenzi kanye nokuthuthukisa izinhlelo zokuhlela iziguli. Abantu abavakashela izikhungo zezempilo bakhuthazwa ukuthi basebenzise izinsiza zokuqala ezikhona ezindaweni zabo ukuze kuncishiswe ukugcwala ezibhedlela ezinkulu. Uhulumeni uthi lokhu kuyingxenye yokuthuthukisa ikhwalithi yezinsiza zezempilo ezweni. Abahlali bakwamukele lokhu kodwa bacele ukuthi kube nokuphuculwa okusheshayo ezindaweni ezisemakhaya lapho izinsiza zisancane kakhulu.",chatgpt-4o,66,machine,2026-05-21T22:14:10.569712,isiZulu
9,zu,health,"Ngemuva kokwanda kwezifo ezihlobene nendlela yokuphila, uhulumeni umemezele uhlelo lokukhuthaza impilo enempilo ngokugxila ekudleni okunempilo nokuzivocavoca emiphakathini. Lolu hlelo luhlose ukunciphisa izifo ezifana nomfutho wegazi ophezulu nesifo sikashukela. Izisebenzi zezempilo zizovakashela imiphakathi ukuze zinikeze imfundo ngezindlela zokuphila ezilungile. Abahlali bakhuthazwa ukuthi babambe iqhaza emisebenzini yokuzivocavoca ehlelwa ezindaweni zomphakathi. Uhulumeni uthi lokhu kuyingxenye yomzamo wokuthuthukisa impilo yabantu ezweni lonke.",chatgpt-4o,58,machine,2026-05-21T22:14:10.569728,isiZulu
10,zu,infrastructure,Emadolobheni aseMpumalanga Kapa kuqale uhlelo olusha lokulungisa imigwaqo emikhulu eyonakele kakhulu ebangele ukulibaziseka kwezokuthutha. Umasipala uthi amaqembu okwakha asevele aqalile ukugcwalisa imigodi nokuvuselela izingxenye zomgwaqo ezindala. Abashayeli bakhuthazwa ukuba basebenzise eminye imigwaqo ngesikhathi sokulungiswa ukuze kugwenywe izingozi. Uhulumeni uthi uzosebenzisa izinhlelo zokubeka iso ukuze kuqinisekiswe ukuthi umsebenzi wenziwa kahle. Abahlali bakubheke njengokuthuthukisa okuzothuthukisa ukuhamba kwansuku zonke kanye nomnotho wendawo.,chatgpt-4o,59,machine,2026-05-21T22:14:10.569743,isiZulu
11,zu,infrastructure,Ngaphezulu kwemiphakathi eminingi yasemakhaya kuqale uhlelo lokuthuthukisa ukuhlinzekwa kwamanzi ahlanzekile kanye nogesi ukuze kuthuthukiswe izinga lokuphila. Uhulumeni uthi le projekthi ihlose ukunciphisa ukushoda kwezinsiza eziyisisekelo ezindaweni ezikude. Izisebenzi zikamasipala sezivele zifaka amapayipi amasha kanye nokulungisa izinhlelo zikagesi ezindala. Abahlali bakhuthazwa ukuthi basebenzise izinsiza ngendlela esimeme ukuze kuqinisekiswe ukusimama kwesikhathi eside. Uhulumeni uthi lokhu kuyingxenye yomzamo wokwakha imiphakathi enokulingana nenempilo engcono.,chatgpt-4o,60,machine,2026-05-21T22:14:10.569759,isiZulu
1,xh,government,"Ngaphezulu kweendawo ezisemaphandleni nakwiidolophu ezincinci kuqaliswe inkqubo entsha karhulumente yokuphucula ukufikelela kwiinkonzo zoluntu. Le nkqubo ijolise ekwandiseni izibonelelo ezisisiseko ezifana namanzi acocekileyo, umbane, kunye neendlela zokuhamba ezikhuselekileyo. Amagosa karhulumente athi umsebenzi uza kwenziwa ngokwezigaba ukuze kuqinisekiswe ukuba zonke iindawo ziyafikelelwa ngaphandle kokulibaziseka okukhulu. Abahlali bakhuthazwa ukuba bathathe inxaxheba kwiintlanganiso zoluntu ukuze banike izimvo zabo malunga nezidingo eziphambili. Urhulumente uthi le nkqubo iyinxalenye yesicwangciso esibanzi sokunciphisa ukungalingani phakathi kweendawo ezisemaphandleni nezisezidolophini. Uluntu luthi luyawamkela la manyathelo kodwa lucela ukuba kubekho ukubeka esweni okuqinileyo ukuze kuqinisekiswe ukusebenza kakuhle.",chatgpt-4o,86,machine,2026-05-21T22:14:10.569784,isiXhosa
2,xh,municipal_services,Umasipala wesixeko saseBuffalo City ubhengeze isicwangciso esitsha sokulungisa imibhobho yamanzi emidala ebangela ukuphazamiseka okuphindaphindiweyo kunikezelo lwamanzi. Le projekthi iza kugxila kwiindawo ezichaphazeleke kakhulu kukuqhekeka kwemibhobho kunye nokuvuza kwamanzi. Amaqela ezobunjineli sele eqalile umsebenzi wokutshintsha iinxalenye ezonakeleyo ukuze kuphuculwe uzinzo lwenkqubo. Abahlali baceliwe ukuba basebenzise amanzi ngokonga ngexesha lokuqhutywa kwalo msebenzi. Umasipala uthi le nkqubo iza kunceda ukunciphisa ilahleko yamanzi nokuphucula ukusebenza kweenkonzo. Uluntu lukhuthazwe ukuba luhlale lunxibelelana namagosa ukuze kubikwe iingxaki ngokukhawuleza.,chatgpt-4o,72,machine,2026-05-21T22:14:10.569802,isiXhosa
3,xh,civic_affairs,Ngexesha lentlanganiso kawonke-wonke eQonce abahlali bavakalise iinkxalabo zabo malunga nokulibaziseka kokuqokelelwa kwenkunkuma kunye nokukhanya kwezitalato okungasebenzi kakuhle. Amagosa kamasipala achaze ukuba kukho ukunqongophala kwezixhobo kunye nabasebenzi okuchaphazela ukuhanjiswa kweenkonzo. Urhulumente wasekhaya uthe sele kuqaliswe inkqubo yokongeza izixhobo ezitsha kunye nokuqesha abasebenzi abongezelelweyo. Abahlali baceliwe ukuba babe nomonde ngelixa kuqhubeka ukuphuculwa kweenkonzo. Iinkokeli zoluntu zithi kubalulekile ukomeleza unxibelelwano phakathi koluntu norhulumente ukuze iingxaki zisonjululwe ngokukhawuleza. Le ntlanganiso ithathwa njengenyathelo elibalulekileyo lokuphucula intsebenziswano.,chatgpt-4o,71,machine,2026-05-21T22:14:10.569820,isiXhosa
4,xh,government,Urhulumente wesizwe ubhengeze inkqubo entsha yokwandisa amathuba engqesho kulutsha ngokusebenzisa iinkqubo zoqeqesho ezisekelwe kumashishini. Le nkqubo iza kudibanisa uqeqesho lwethiyori kunye namava asebenzayo emsebenzini ukuze kuphuculwe izakhono zabantu abatsha. Amashishini abucala aya kubambisana norhulumente ekuboneleleni ngamathuba oqeqesho kwiindawo ezahlukeneyo. Abantu abatsha bakhuthazwa ukuba babhalise kule nkqubo ukuze bakwazi ukufumana izakhono ezifunekayo kwimarike yomsebenzi. Urhulumente uthi le ndlela iza kunceda ukunciphisa izinga eliphezulu lokungaqeshwa. Uluntu luthi lulindele ukuba le nkqubo izise utshintsho olubonakalayo.,chatgpt-4o,72,machine,2026-05-21T22:14:10.569839,isiXhosa
5,xh,municipal_services,Umasipala waseNelson Mandela Bay ubhengeze inkqubo yokuphucula izibane zezitalato kwiindawo ezichaphazelekayo ziziganeko zobugebenga ebusuku. Le nkqubo ijolise ekwandiseni ukhuseleko lwabahlali ngokufaka izibane ezonga amandla nezisebenza ixesha elide. Amaqela asebenzayo sele eqalile ukutshintsha izibane ezindala ezonakeleyo. Abahlali bavakalise ulonwabo ngeli nyathelo kodwa bacela ukuba umsebenzi ukhawuleziswe. Umasipala uthi le projekthi iya kuqhubeka de zonke iindawo eziphambili zifumane ukukhanya okwaneleyo. Urhulumente wasekhaya uthi ukhuseleko loluntu luyinto ephambili kule nkqubo.,chatgpt-4o,67,machine,2026-05-21T22:14:10.569860,isiXhosa
6,xh,civic_affairs,Abahlali baseGqeberha babambe indibano yokuxoxa ngeengxaki zokuthuthwa kwezithuthi zikawonke-wonke kunye nokulibaziseka kweenkonzo zothutho. Amagosa ezothutho achaze ukuba kukho imingeni yokuguga kwezithuthi kunye nokunqongophala kwemali yokulungisa inkqubo. Urhulumente uthe sele eqalile inkqubo yokuvuselela izithuthi kunye nokuphucula iindlela zothutho. Abahlali baceliwe ukuba basebenzisane namagosa ngokunika ingxelo rhoqo. Le nkqubo ijolise ekuphuculeni ukuhamba kwabantu mihla le. Iinkokeli zoluntu zithi intsebenziswano iyimfuneko ukuze kufezekiswe iziphumo ezilungileyo.,chatgpt-4o,62,machine,2026-05-21T22:14:10.569877,isiXhosa
7,xh,government,Ngaphezulu kwezikolo ezininzi ezisemaphandleni kuqaliswe inkqubo entsha yokuphucula izibonelelo zemfundo ngokuhambisa izixhobo zokufunda kunye noqeqesho lootitshala. Urhulumente uthi le nkqubo ijolise ekuphuculeni iziphumo zabafundi kwizifundo ezibalulekileyo ezifana nezibalo nesayensi. Ootitshala bafumana uqeqesho olongezelelweyo ukuze bakwazi ukusebenzisa iindlela ezintsha zokufundisa. Abafundi bakhuthazwa ukuba basebenzise amathuba okufunda angezelelweyo ukuze baphucule iziphumo zabo. Uluntu luthi luyayixhasa le nkqubo kodwa lucela ukuba kubekho ukubeka esweni ukuqinisekisa impumelelo. Urhulumente uthi le projekthi iyinxalenye yesicwangciso semfundo eside.,chatgpt-4o,71,machine,2026-05-21T22:14:10.569894,isiXhosa
8,xh,municipal_services,Umasipala waseThekwini ubhengeze inkqubo yokuphucula ukuqokelelwa kwenkunkuma emva kokwanda kwezikhalazo zabahlali kwiindawo ezahlukeneyo. Le nkqubo iza kusebenzisa iishedyuli ezintsha kunye nezithuthi ezongeziweyo ukuze kuqinisekiswe ukucoceka kweendawo zokuhlala. Amagosa athi oku kuya kunciphisa ingozi yezifo ezibangelwa yinkunkuma eqokelelekileyo. Abahlali baceliwe ukuba balandele imihla ebekiweyo yokukhupha inkunkuma. Urhulumente wasekhaya uthi le nkqubo iza kuqhubeka ngokubeka iliso rhoqo. Uluntu lukhuthazwe ukuba lusebenzisane ukuze kugcinwe ucoceko.,chatgpt-4o,62,machine,2026-05-21T22:14:10.569912,isiXhosa
9,xh,civic_affairs,Ngexesha lengxoxo yoluntu eMthatha abahlali bavakalise inkxalabo malunga nokungalingani ekufikeleleni kwiinkonzo zamanzi nezempilo. Amagosa karhulumente athe achaza izicwangciso zokwandisa izibonelelo kwezi ndawo ukuze kuncitshiswe le ngxaki. Urhulumente uthi sele kuqaliswe iiprojekthi ezintsha zokuphucula uthungelwano lwamanzi kunye nokwandisa iikliniki. Abahlali bakhuthazwa ukuba bathathe inxaxheba kwiinkqubo zophuhliso ukuze kuvakaliswe iimfuno zabo. Iinkokeli zoluntu zithi kubalulekile ukuqinisekisa ukuba akukho mmandla ushiywayo ngaphandle kweenkonzo ezibalulekileyo.,chatgpt-4o,61,machine,2026-05-21T22:14:10.569929,isiXhosa
10,xh,government,Urhulumente wesifundazwe ubhengeze inkqubo yokuphucula ulawulo lweenkonzo zoluntu ngokusebenzisa iinkqubo zedijithali zokulandelela izikhalazo zabahlali. Le nkqubo ijolise ekunciphiseni ukulibaziseka nasekuphuculeni ukuphendula kumaxesha akhawulezayo. Amagosa athi abantu baza kukwazi ukulandelela imeko yezikhalazo zabo ngexesha lokwenyani. Abahlali bakhuthazwa ukuba basebenzise ezi nkqubo ukuze kube lula ukulungisa iingxaki. Urhulumente uthi le ndlela iza kwandisa ukungafihli kunye noxanduva kulawulo lwezibonelelo zoluntu.,chatgpt-4o,57,machine,2026-05-21T22:14:10.569946,isiXhosa
1,xh,government,"Ngaphezulu kweendawo ezininzi ezisemaphandleni eMpuma Koloni kuqaliswe inkqubo entsha karhulumente yokuphucula ukufikelela kwiinkonzo ezisisiseko. Le nkqubo ijolise ekwandiseni amanzi acocekileyo, umbane, kunye nokuphucula iindlela ezidibanisa iilali nezixeko. Amagosa karhulumente athi umsebenzi uza kwenziwa ngezigaba ukuze kuqinisekiswe ukuba akukho lali ishiywa ngaphandle kophuhliso. Abahlali bakhuthazwa ukuba bathathe inxaxheba kwiintlanganiso zophuhliso ukuze banike izimvo zabo. Urhulumente uthi le nkqubo iyinxalenye yesicwangciso sokunciphisa ukungalingani kwezentlalo phakathi kweendawo ezahlukeneyo. Uluntu luthi lulindele ukuphucuka okubonakalayo kwiinyanga ezizayo.",chatgpt-4o,72,machine,2026-05-21T22:14:10.569964,isiXhosa
2,xh,municipal_services,Umasipala waseKapa ubhengeze inkqubo yokulungisa iindlela ezonakeleyo ezibangela ukulibaziseka kwezithuthi kunye neengozi ezininzi. Le projekthi iza kugxila kwiindlela eziphambili ezixakekileyo ezisetyenziswa mihla le ngabahlali nabathuthi boluntu. Amaqela okwakha sele eqalile ukugcwalisa imingxunya kunye nokuphucula umgangatho wendlela. Abahambi ngeenyawo nabashayeli bakhuthazwa ukuba balandele imiqondiso yokwakhiwa ngexesha lomsebenzi. Umasipala uthi le nkqubo iza kuphucula ukhuseleko kunye nokuhamba ngokukhululekileyo. Abahlali bamkele le nkqubo kodwa bacela ukuba umsebenzi ukhawuleziswe.,chatgpt-4o,65,machine,2026-05-21T22:14:10.569981,isiXhosa
3,xh,civic_affairs,Ngexesha lentlanganiso kawonke-wonke eMthatha abahlali bavakalise inkxalabo malunga nokungafiki kwangexesha kweenkonzo zikamasipala ezifana nokuqokelelwa kwenkunkuma nokulungiswa kwezibane zezitalato. Amagosa achaze ukuba kukho imingeni enxulumene nokunqongophala kwezixhobo kunye nohlahlo lwabiwo-mali olulinganiselweyo. Urhulumente wasekhaya uthe sele kuqaliswe inkqubo yokongeza izixhobo ezintsha kunye nokuqesha abasebenzi abongezelelweyo. Abahlali baceliwe ukuba basebenzisane ngokubika iingxaki ngokukhawuleza. Iinkokeli zoluntu zithi intsebenziswano ibalulekile ekuphuculeni iinkonzo. Le ntlanganiso ithathwa njengenyathelo lokomeleza unxibelelwano phakathi koluntu norhulumente.,chatgpt-4o,66,machine,2026-05-21T22:14:10.570002,isiXhosa
4,xh,government,Urhulumente wesizwe ubhengeze inkqubo entsha yokwandisa amathuba engqesho kulutsha ngokugxila kuqeqesho lwamakhono asebenzayo. Le nkqubo iza kudibanisa uqeqesho lwaseklasini kunye namava asebenzayo emisebenzi. Amashishini abucala aya kubambisana norhulumente ekuboneleleni ngamathuba oqeqesho. Abantu abatsha bakhuthazwa ukuba babhalise ukuze bafumane amakhono afunekayo kwimarike yomsebenzi. Urhulumente uthi le nkqubo ijolise ekunciphiseni izinga eliphezulu lokungaqeshwa. Uluntu luthi lulindele ukuba le nkqubo izise utshintsho olukhulu kwikamva labantu abatsha.,chatgpt-4o,63,machine,2026-05-21T22:14:10.570019,isiXhosa
5,xh,municipal_services,Umasipala waseNelson Mandela Bay ubhengeze inkqubo yokuphucula izibane zezitalato kwiindawo ezichaphazelekayo kukwanda kobugebenga ebusuku. Le nkqubo ijolise ekwandiseni ukhuseleko ngokufaka izibane ezonga amandla nezihlala ixesha elide. Amaqela asebenzayo sele eqalile ukutshintsha izibane ezindala ezonakeleyo. Abahlali bavakalise ulonwabo kodwa bacela ukuba umsebenzi ukhawuleziswe. Umasipala uthi le projekthi iza kuqhubeka de zonke iindawo zifumane ukukhanya okwaneleyo. Urhulumente uthi ukhuseleko loluntu luyinto ephambili kule nkqubo.,chatgpt-4o,62,machine,2026-05-21T22:14:10.570035,isiXhosa
6,xh,civic_affairs,Abahlali baseBuffalo City babambe indibano yokuxoxa ngemicimbi yothutho lukawonke-wonke kunye nokulibaziseka kweenkonzo zebhasi. Amagosa ezothutho achaze ukuba ingxaki ibangelwa kukuguga kwezithuthi kunye nokunqongophala kwemali yokugcinwa kwazo. Urhulumente uthe sele kuqaliswe inkqubo yokuhlaziya izithuthi kunye nokuphucula iindlela zothutho. Abahlali baceliwe ukuba basebenzisane ngokunika ingxelo rhoqo. Le nkqubo ijolise ekuphuculeni ukuhamba kwabantu mihla le. Iinkokeli zoluntu zithi intsebenziswano ibalulekile ekuphuculeni inkonzo.,chatgpt-4o,59,machine,2026-05-21T22:14:10.570051,isiXhosa
7,xh,government,Ngaphezulu kwezikolo ezisemaphandleni kuqaliswe inkqubo yokuphucula izibonelelo zemfundo ngokuhambisa izixhobo zokufunda kunye noqeqesho lootitshala. Urhulumente uthi le nkqubo ijolise ekuphuculeni iziphumo zabafundi kwizifundo ezibalulekileyo ezifana nezibalo nesayensi. Ootitshala bafumana uqeqesho olongezelelweyo ukuze basebenzise iindlela ezintsha zokufundisa. Abafundi bakhuthazwa ukuba basebenzise amathuba okufunda ongezelelweyo. Uluntu luthi luyayixhasa le nkqubo kodwa lucela ukubeka esweni. Urhulumente uthi le projekthi iyinxalenye yesicwangciso semfundo eside.,chatgpt-4o,60,machine,2026-05-21T22:14:10.570068,isiXhosa
8,xh,municipal_services,Umasipala waseThekwini ubhengeze inkqubo yokuphucula ukuqokelelwa kwenkunkuma emva kwezikhalazo ezandileyo zabahlali kwiindawo ezahlukeneyo. Le nkqubo iza kusebenzisa iishedyuli ezintsha kunye nezithuthi ezongeziweyo ukuze kuqinisekiswe ucoceko lweendawo zokuhlala. Amagosa athi oku kuya kunciphisa ingozi yezifo ezibangelwa yinkunkuma eqokelelekileyo. Abahlali baceliwe ukuba balandele imihla yokukhupha inkunkuma. Urhulumente wasekhaya uthi le nkqubo iza kuqhubeka ibekwe esweni rhoqo. Uluntu lukhuthazwa ukuba lusebenzisane ukuze kugcinwe ucoceko.,chatgpt-4o,61,machine,2026-05-21T22:14:10.570091,isiXhosa
9,xh,civic_affairs,Ngexesha lengxoxo yoluntu eQonce abahlali bavakalise inkxalabo malunga nokungalingani ekufikeleleni kwiinkonzo zamanzi nezempilo. Amagosa karhulumente achaze izicwangciso zokwandisa iinkonzo kwezi ndawo. Urhulumente uthi sele kuqaliswe iiprojekthi zokuphucula uthungelwano lwamanzi kunye nokwandisa iikliniki. Abahlali bakhuthazwa ukuba bathathe inxaxheba kwiinkqubo zophuhliso. Iinkokeli zoluntu zithi kufuneka kuqinisekiswe ukuba akukho ndawo ishiywa ngaphandle kweenkonzo ezibalulekileyo.,chatgpt-4o,51,machine,2026-05-21T22:14:10.570107,isiXhosa
10,xh,government,Urhulumente wesifundazwe ubhengeze inkqubo yedijithali yokuphucula ulawulo lwezikhalazo zoluntu ukuze kuncitshiswe ukulibaziseka. Le nkqubo iza kuvumela abahlali ukuba balandele imeko yezikhalazo zabo ngexesha lokwenyani. Amagosa athi oku kuza kwandisa uxanduva nokungafihli kulawulo lweenkonzo. Abahlali bakhuthazwa ukuba basebenzise le nkqubo ukuze bakhawulezise ukusonjululwa kweengxaki. Urhulumente uthi le ndlela iya kuphucula ukusebenza kweenkonzo zoluntu ngokubanzi.,chatgpt-4o,53,machine,2026-05-21T22:14:10.570122,isiXhosa
1,xh,government,"Ngaphezulu kweendawo ezahlukeneyo ezisemaphandleni nakwiidolophu ezincinci kuqaliswe inkqubo entsha karhulumente ejolise ekuphuculeni ukuhanjiswa kweenkonzo zoluntu. Le nkqubo igxile ekwandiseni ukufikelela kumanzi acocekileyo, umbane ozinzileyo, kunye neendlela ezikhuselekileyo ezidibanisa uluntu. Amagosa karhulumente athi umsebenzi uza kwenziwa ngokwezigaba ukuze kuqinisekiswe ukuba zonke iindawo zifumana ingqwalasela efanelekileyo. Abahlali bakhuthazwa ukuba bathathe inxaxheba kwiintlanganiso zophuhliso ukuze banike izimvo zabo ngeemfuno eziphambili. Urhulumente uthi le nkqubo iyinxalenye yesicwangciso esibanzi sokunciphisa ukungalingani phakathi kweendawo ezisemaphandleni nezisezidolophini. Uluntu luthi lulindele ukuphucuka okubonakalayo kwiinyanga ezizayo njengoko iiprojekthi ziqhubeka nokuphunyezwa ngokuthe ngcembe.",chatgpt-4o,83,machine,2026-05-21T22:14:10.570142,isiXhosa
2,xh,social_grants,"Ngaphezulu kweentsapho ezizinkulungwane ezininzi ezweni lonke ziyaqhubeka nokuxhamla kwizibonelelo zikarhulumente ezijolise ekuncedeni abantu abahlwempuzekileyo nabasengozini. Le nkqubo yezibonelelo ijolise ekunciphiseni indlala nokunceda abantu abadala, abantwana, nabantu abakhubazekileyo ukuba bakwazi ukuhlangabezana neemfuno zabo zemihla ngemihla. Amagosa karhulumente athi iinkqubo zokuhlawula ziphuculwe ukuze kuncitshiswe ukulibaziseka nokwandisa ukufikelela kwabahlomulayo. Abahlomulayo bakhuthazwa ukuba basebenzise iindlela ezisemthethweni zokubhalisa ukuze kuphetshwe ukukhwabanisa. Urhulumente uthi le nkqubo iyinxalenye yomzamo wokwakha uluntu olulinganayo noluzinzileyo apho kungabikho mntu ushiywa ngaphandle kwenkxaso eyimfuneko. Iinkokeli zoluntu zithi kubalulekile ukubeka iliso ukuqinisekisa ukuba uncedo lufikelela kubantu abahlosiweyo kuphela.",chatgpt-4o,86,machine,2026-05-21T22:14:10.570163,isiXhosa
3,xh,housing_support,"Emva kokukhula kwemfuno yezindlu ezikhuselekileyo nezifikelelekayo, urhulumente ubhengeze uhlelo olutsha lokwakhiwa kwezindlu kumaphondo ahlukeneyo. Le nkqubo ijolise ekuncedeni imindeni ehlala kwiindawo ezingekho mthethweni okanye ezisemngciphekweni wezikhukhula. Izindlu ezakhiwayo ziya kubonelelwa ngamanzi acocekileyo, umbane, kunye nenkqubo yogutyulo eyaneleyo. Amagosa athi uluhlu lwabahlomulayo luza kulawulwa ngokusesikweni ukuze kuqinisekiswe ubulungisa. Abahlali baceliwe ukuba babhalise kwiiofisi zikamasipala ukuze bakwazi ukufakwa kuluhlu. Urhulumente uthi le projekthi ijolise ekuphuculeni izinga lokuphila kunye nokwakha imiphakathi ekhuselekileyo nenokuzinza ixesha elide.",chatgpt-4o,72,machine,2026-05-21T22:14:10.570181,isiXhosa
4,xh,community_welfare,"Ngaphakathi kwemiphakathi emininzi ezidolophini kuqaliswe inkqubo yokuxhasa iintsapho ezijongene nobunzima bezemali nokungaqeshwa. Le nkqubo ibandakanya ukuhanjiswa kokutya, iingcebiso zengqesho, kunye noqeqesho lwezakhono ukuze abantu bakwazi ukuzimela. Amagosa eenkonzo zentlalo asebenzisana nemibutho yasekuhlaleni ukwandisa ukufikelela kolu ncedo. Abahlali bakhuthazwa ukuba bathathe inxaxheba kwiinkqubo zokuqeqeshwa ukuze baphucule amathuba abo emisebenzi. Urhulumente uthi le nkqubo iyinxalenye yesicwangciso sokunciphisa indlala nokwakha uluntu olunamandla. Iinkokeli zoluntu zithi olu ncedo lubalulekile ngakumbi kumakhaya angenayo ingeniso ezinzileyo.",chatgpt-4o,70,machine,2026-05-21T22:14:10.570201,isiXhosa
5,xh,social_grants,"Urhulumente wesizwe ubhengeze ukuba izibonelelo zabantu abadala ziya kuhlaziywa ukuze zihambelane nokunyuka kweendleko zokuphila. Le nkqubo ijolise ekuncedeni abantu abadala ukuba bakwazi ukuhlangabezana neemfuno ezifana nokutya, amayeza, kunye neendleko zezindlu. Amagosa athi iintlawulo ziya kuqhubeka ngendlela eqhelekileyo kodwa ziphuculwe ngokweendlela zokuhlawula zedijithali. Abahlomulayo baceliwe ukuba baqinisekise ukuba iinkcukacha zabo zihlaziywa rhoqo ukuze kungabikho ziphazamiso. Urhulumente uthi le nkqubo ibonisa ukuzibophelela ekukhathaleleni abantu abasengozini. Uluntu luthi olu tshintsho luzisa ithemba ngakumbi kumakhaya amaninzi axhomekeke kwezi zibonelelo.",chatgpt-4o,75,machine,2026-05-21T22:14:10.570222,isiXhosa
6,xh,housing_support,Ngaphezulu kwemimandla yaseGoli kuqaliswe inkqubo yokuphucula izindlu ezindala nokulungisa iindawo zokuhlala ezingahlangabezani nemigangatho yokhuseleko. Le nkqubo ijolise ekunciphiseni umngcipheko wezikhukhula kunye nokudilika kwezakhiwo ezindala. Amagosa kamasipala athi iintsapho ezichaphazelekayo ziya kufuduselwa kwizindlu ezikhuselekileyo ngexesha lomsebenzi. Abahlali bakhuthazwa ukuba basebenzisane nabasebenzi ukuze kuqhutywe umsebenzi ngokukhawuleza nangokukhuselekileyo. Urhulumente uthi le projekthi ijolise ekwakheni iindawo zokuhlala ezizinzileyo nezihambelana neemfuno zabantu. Iinkokeli zoluntu zithi le nkqubo iza kuzisa ukuphucuka okukhulu kumgangatho wobomi.,chatgpt-4o,68,machine,2026-05-21T22:14:10.570240,isiXhosa
7,xh,community_welfare,"Emva kokunyuka kweengxaki zokungabikho kwemisebenzi kulutsha, urhulumente ubhengeze inkqubo yokuxhasa abantu abatsha ngemisebenzi yesikhashana kunye noqeqesho lwamakhono. Le nkqubo ijolise ekunciphiseni indlala nokwandisa amathuba engqesho kumacandelo ahlukeneyo. Amashishini abucala nawo aya kubandakanywa ekuboneleleni ngamathuba oqeqesho. Abantu abatsha bakhuthazwa ukuba basebenzise eli thuba ukuze bakhe ikamva elizinzileyo. Urhulumente uthi le nkqubo iyinxalenye yesicwangciso sokwakha uqoqosho olubandakanya wonke umntu. Uluntu luthi olu ncedo lubalulekile ekuphuculeni amathuba abantu abatsha.",chatgpt-4o,66,machine,2026-05-21T22:14:10.570257,isiXhosa
8,xh,social_grants,Ngaphezulu kweentsapho ezisemaphandleni ziyaqhubeka nokuxhamla kwizibonelelo zokutya kunye nenkxaso yemali enikezelwa ngurhulumente. Le nkqubo ijolise ekuncedeni imiphakathi echaphazelekayo yintlupheko kunye nokungabikho kwemisebenzi. Amagosa athi ukuhanjiswa koncedo kuyenziwa ngokucwangcisiweyo ukuze kuqinisekiswe ukuba akukho mntu ushiywayo ngaphandle. Abahlali bakhuthazwa ukuba babike naziphi na iingxaki zokufikelela kuncedo. Urhulumente uthi le nkqubo yinxalenye yomzamo wokunciphisa indlala nokuphucula impilo yoluntu. Iinkokeli zoluntu zithi olu ncedo lubalulekile ngakumbi kwiindawo ezikude.,chatgpt-4o,64,machine,2026-05-21T22:14:10.570274,isiXhosa
9,xh,housing_support,Umasipala waseThekwini ubhengeze inkqubo yokwakha izindlu ezintsha kubantu abahlala kwiindawo ezingekho mthethweni ezisemngciphekweni wezikhukhula. Le projekthi ijolise ekuboneleleni ngeendawo zokuhlala ezikhuselekileyo nezisemthethweni. Amagosa athi uluhlu lwabahlomulayo luza kulawulwa ngokungqongqo ukuze kuqinisekiswe ubulungisa. Abahlali baceliwe ukuba basebenzisane ngexesha lokufuduswa ukuze kugwenywe ukungqubana. Urhulumente uthi le nkqubo iza kuphucula izinga lokuphila kwaye inciphise umngcipheko weentlekele zemvelo. Iinkokeli zoluntu zithi kubalulekile ukuba inkqubo iqhutywe ngokungafihli.,chatgpt-4o,62,machine,2026-05-21T22:14:10.570290,isiXhosa
10,xh,community_welfare,"Ngaphakathi kwemiphakathi yasemadolophini kuqaliswe inkqubo yokuxhasa abantu abangenayo ingeniso ezinzileyo ngokubanika ukutya, iingcebiso, kunye noqeqesho lwamakhono. Le nkqubo ijolise ekunciphiseni indlala nokwandisa ukuzimela kwabahlali. Amagosa eenkonzo zentlalo asebenzisana nemibutho yasekuhlaleni ukwandisa ukufikelela kolu ncedo. Abahlali bakhuthazwa ukuba bathathe inxaxheba kwiinkqubo zokuqeqeshwa ukuze baphucule amathuba abo. Urhulumente uthi le nkqubo iyinxalenye yomzamo wokwakha uluntu oluzinzileyo nolunamathuba alinganayo. Iinkokeli zoluntu zithi olu ncedo luzisa ithemba kumakhaya amaninzi.",chatgpt-4o,65,machine,2026-05-21T22:14:10.570308,isiXhosa
11,xh,social_grants,Urhulumente ubhengeze inkqubo entsha yokuphucula ukuhanjiswa kwezibonelelo kubantu abakhubazekileyo ukuze kuqinisekiswe ukuba bafumana uncedo ngokukhawuleza nangokufanelekileyo. Le nkqubo ijolise ekunciphiseni ukubambezeleka kunye nokwandisa ukufikelela kwiinkonzo ezibalulekileyo. Amagosa athi iinkqubo zedijithali ziya kusetyenziswa ukulandelela iintlawulo kunye nokunciphisa ubuqhophololo. Abahlomulayo bakhuthazwa ukuba baqinisekise ukuba iinkcukacha zabo zihlaziywa rhoqo. Urhulumente uthi le nkqubo ibonisa ukuzibophelela ekuxhaseni abantu abasengozini. Uluntu luthi olu tshintsho luzisa ithemba kunye nokhuseleko olungcono kubahlali abaxhomekeke kolu ncedo.,chatgpt-4o,68,machine,2026-05-21T22:14:10.570326,isiXhosa
12,xh,community_welfare,"Emva kokunyuka kweengxaki zentlupheko kwezinye iindawo, urhulumente ubhengeze inkqubo yokwakha amaziko oncedo olungxamisekileyo aya kubonelela ngokutya, indawo yokuhlala, kunye neengcebiso kubantu abasengxakini. La maziko aya kusebenzisana nemibutho yasekuhlaleni ukuqinisekisa ukuba uncedo lufikelela ngokukhawuleza. Abahlali bakhuthazwa ukuba basebenzise ezi nkonzo xa besengxakini. Urhulumente uthi le nkqubo ijolise ekunciphiseni indlala nokukhusela abantu abasengozini enkulu. Iinkokeli zoluntu zithi la manyathelo abalulekile ekwakheni uluntu olunenkathalo noluxhasanayo.",chatgpt-4o,62,machine,2026-05-21T22:14:10.570343,isiXhosa
1,xh,agriculture,Ngaphezulu kweefama ezisemaphandleni aseMpuma Koloni kuqaliswe inkqubo entsha karhulumente yokuxhasa abalimi abancinci ngokubonelela ngembewu ephuculiweyo nezichumiso. Le nkqubo ijolise ekwandiseni imveliso yokutya kunye nokunciphisa indlala kwiindawo ezisemngciphekweni wokungabikho kokutya. Amagosa ezolimo athi abalimi baza kufumana uqeqesho olongezelelweyo malunga neendlela zokulima ezimelana nokutshintsha kwemozulu. Abahlali basemaphandleni bakhuthazwa ukuba babhalise ukuze bafumane le nkxaso. Urhulumente uthi le projekthi iyinxalenye yesicwangciso esibanzi sokuphuhlisa ezolimo ezizinzileyo. Iinkokeli zoluntu zithi olu ncedo luzisa ithemba elitsha kumakhaya axhomekeke kwezolimo.,chatgpt-4o,73,machine,2026-05-21T22:14:10.570362,isiXhosa
2,xh,rural_development,Emaphandleni aseLimpopo kuqaliswe inkqubo yokuphucula iindlela zokufikelela ezimakethe ukuze abalimi bakwazi ukuthengisa iimveliso zabo ngokulula. Le nkqubo ijolise ekwakheni iindlela ezintsha kunye nokulungisa ezonakeleyo ezixhumanisa iilali nezixeko ezikufutshane. Amagosa karhulumente athi oku kuza kunciphisa iindleko zokuthutha kwaye kunyuse ingeniso yamakhaya asemaphandleni. Abahlali bakhuthazwa ukuba bathathe inxaxheba kwiingxoxo zophuhliso ukuze bachaze iimfuno zabo. Urhulumente uthi le nkqubo iyinxalenye yesicwangciso sokuphuhlisa uqoqosho lwasezilalini. Iinkokeli zoluntu zithi le projekthi iza kuzisa utshintsho olubonakalayo kubomi babahlali.,chatgpt-4o,72,machine,2026-05-21T22:14:10.570385,isiXhosa
3,xh,agriculture,"Ngexesha lonyaka omtsha wokulima, urhulumente ubhengeze inkxaso eyongezelelweyo kubalimi bombona kunye nengqolowa ukuze konyuswe ukhuseleko lokutya. Le nkxaso ibandakanya izibonelelo zemali, izixhobo zokulima, kunye noqeqesho kwiindlela zokulima ezisebenzayo. Amagosa athi injongo kukunciphisa ukuxhomekeka ekuthengisweni kokutya kumazwe angaphandle. Abalimi bakhuthazwa ukuba basebenzise iindlela ezonga amanzi ukuze bakwazi ukumelana nemozulu eyomileyo. Urhulumente uthi le nkqubo iza kunceda ukwakha ukhuseleko lokutya oluzinzileyo. Iinkokeli zezolimo zithi le nkxaso ibalulekile ekuphuculeni imveliso yezolimo.",chatgpt-4o,68,machine,2026-05-21T22:14:10.570402,isiXhosa
4,xh,rural_development,Ngaphezulu kweelali ezikude ezisemaphandleni aseKwaZulu-Natali kuqaliswe inkqubo yokufaka amanzi acocekileyo kunye nokulungisa imithombo yakudala. Le nkqubo ijolise ekunciphiseni ubunzima bokufikelela emanzini kubahlali abasemaphandleni. Amagosa kamasipala athi iipayipi ezintsha sele zifakwa kwezinye iindawo ezichaphazelekayo. Abahlali bakhuthazwa ukuba basebenzise amanzi ngendlela enoxanduva ukuze kugcinwe uzinzo. Urhulumente uthi le projekthi iyinxalenye yesicwangciso sokuphucula iziseko ezingundoqo. Iinkokeli zoluntu zithi le nkqubo iza kuphucula kakhulu umgangatho wobomi.,chatgpt-4o,62,machine,2026-05-21T22:14:10.570418,isiXhosa
5,xh,agriculture,Abalimi abancinci kwiindawo ezahlukeneyo zelizwe bafumene inkxaso entsha yokugcina izilwanyana kunye nokuphucula imveliso yobisi. Le nkqubo ibandakanya uqeqesho lweendlela zokukhathalela izilwanyana kunye nokuthintela izifo ezifumaneka kwiifama. Amagosa ezolimo athi oku kuza kunceda ukwandisa ingeniso yamakhaya asemaphandleni. Abalimi bakhuthazwa ukuba basebenzise iinkonzo zikarhulumente ukuze bafumane uncedo olufanelekileyo. Urhulumente uthi le projekthi ijolise ekwakheni uqoqosho lwezolimo oluzinzileyo. Iinkokeli zoluntu zithi le nkxaso iza kuphucula uzinzo lokutya kwiindawo ezininzi.,chatgpt-4o,66,machine,2026-05-21T22:14:10.570435,isiXhosa
6,xh,education,Ngaphezulu kwezikolo ezisemaphandleni kuqaliswe inkqubo yokuphucula izibonelelo zemfundo ngokubonelela ngezixhobo zokufunda kunye noqeqesho lootitshala. Le nkqubo ijolise ekuphuculeni iziphumo zabafundi kwizifundo ezibalulekileyo ezifana nezibalo nesayensi. Ootitshala bafumana uqeqesho olongezelelweyo ukuze bakwazi ukusebenzisa iindlela ezintsha zokufundisa. Abafundi bakhuthazwa ukuba bathathe inxaxheba kwizifundo ezongezelelweyo ukuze baphucule iziphumo zabo. Urhulumente uthi le projekthi iyinxalenye yesicwangciso semfundo eside. Iinkokeli zemfundo zithi olu phuculo luza kuzisa utshintsho oluhle kwizikolo zasemaphandleni.,chatgpt-4o,65,machine,2026-05-21T22:14:10.570452,isiXhosa
7,xh,education,"Emva kokukhula kwenkxalabo malunga nokuphumelela kwabafundi, urhulumente ubhengeze inkqubo yokuxhasa abafundi kwiiyunivesithi ngokunyusa izibonelelo zokufunda. Le nkqubo ijolise ekunciphiseni ukulahlwa kwabafundi ngenxa yeengxaki zemali. Iiyunivesithi zithi ziza kusebenzisana norhulumente ukuqinisekisa ukuba inkxaso ifikelela kubafundi abafanelekileyo. Abafundi bakhuthazwa ukuba basebenzise iinkonzo zokuxhasa ezifumanekayo ezikhampasini. Urhulumente uthi le nkqubo iza kunceda ukwakha isizukulwana esinamakhono aphezulu. Iinkokeli zemfundo zithi le nkxaso ibalulekile ekuphuhliseni uqoqosho lwexesha elizayo.",chatgpt-4o,63,machine,2026-05-21T22:14:10.570468,isiXhosa
8,xh,education,Ngaphezulu kwezikolo eziphakamileyo kuqaliswe inkqubo yokuphucula ukufunda kwezibalo nesayensi ngokusebenzisa ubuchwepheshe bale mihla. Le nkqubo ibandakanya iikhompyutha ezintsha kunye nezixhobo zokufunda zedijithali. Ootitshala bafumana uqeqesho lokusebenzisa obu buchwepheshe ekufundiseni. Abafundi bakhuthazwa ukuba basebenzise izixhobo zedijithali ukuphucula ukuqonda kwezifundo. Urhulumente uthi le projekthi ijolise ekulungiseleleni abafundi imisebenzi yexesha elizayo. Iinkokeli zemfundo zithi oku kuza kuphucula iziphumo zabafundi ngokubanzi.,chatgpt-4o,57,machine,2026-05-21T22:14:10.570489,isiXhosa
9,xh,education,"Emva kweengxoxo zikazwelonke ngemfundo, urhulumente ubhengeze izicwangciso zokwakha izikolo ezintsha kwiindawo ezinemfuno ephezulu. Le nkqubo ijolise ekunciphiseni ukuxinana kwabafundi nokuphucula umgangatho wokufunda. Izikolo ezindala nazo ziza kulungiswa ukuze zihambelane nemigangatho yokhuseleko. Abazali bakhuthazwa ukuba bathathe inxaxheba kwiikomiti zesikolo ukuze kuphuculwe ulawulo. Urhulumente uthi le nkqubo iyinxalenye yesicwangciso semfundo esibanzi. Iinkokeli zoluntu zithi olu phuhliso luza kuba nefuthe elihle kwizizukulwana ezizayo.",chatgpt-4o,60,machine,2026-05-21T22:14:10.570505,isiXhosa
10,xh,education,Ngaphezulu kwezikolo ezisemaphandleni kuqaliswe inkqubo yokuxhasa abafundi ngokutya kwesikolo kunye nezixhobo zokufunda ezisisiseko. Le nkqubo ijolise ekuphuculeni ukuzimasa kwabafundi nasekunciphiseni ukulahlwa kwezikolo. Ootitshala bathi oku kunceda abafundi ukuba bagxile ngakumbi kwizifundo zabo. Abazali bakhuthazwa ukuba basebenzisane nezikolo ukuze kuqinisekiswe impumelelo yabafundi. Urhulumente uthi le nkqubo iyinxalenye yesicwangciso sokuphucula imfundo esisiseko. Iinkokeli zemfundo zithi le nkxaso iza kunceda ukwakha ikamva eliqinileyo labafundi.,chatgpt-4o,61,machine,2026-05-21T22:14:10.570538,isiXhosa
11,xh,education,Ngaphakathi kweeyunivesithi ezahlukeneyo kuqaliswe inkqubo yokukhuthaza uphando kunye nophuhliso lwezakhono ezintsha phakathi kwabafundi nabaphandi. Le nkqubo ijolise ekwandiseni inani lophando olusombulula iingxaki zoluntu. Abafundi bafumana inkxaso yemali kunye noqeqesho ukuze bakwazi ukwenza iiprojekthi zophando ezisemgangathweni ophezulu. Iiyunivesithi zithi le nkqubo iza kunceda ukwakha uqoqosho olusekwe kulwazi. Abafundi bakhuthazwa ukuba basebenzise eli thuba ukuphuhlisa amakhono abo. Urhulumente uthi le projekthi iyinxalenye yesicwangciso sokwakha isizwe esisekelwe kwisayensi nolwazi.,chatgpt-4o,66,machine,2026-05-21T22:14:10.570556,isiXhosa
1,xh,health,"Emaphandleni nakwiidolophu ezincinci kuqaliswe umkhankaso omtsha wezempilo ojolise ekwandiseni ulwazi malunga nezifo ezosulelayo kunye nokubaluleka kokuhlolwa kwempilo rhoqo. Amagosa ezempilo athi le nkqubo iza kubandakanya ukuhanjiswa kolwazi ezikolweni, kwiikliniki, nakwiintlanganiso zoluntu ukuze kuqinisekiswe ukuba abantu bafikelelwa lulwazi oluchanekileyo. Abahlali bakhuthazwa ukuba basebenzise iinkonzo zeekliniki zikamasipala ukuze bahlolwe kwangexesha. Urhulumente uthi le nkqubo iyinxalenye yesicwangciso sokuphucula impilo yoluntu nokunciphisa ukufa okunokuthintelwa. Iingcali zempilo zithi ukufundisa uluntu kudlala indima ebalulekileyo ekuthinteleni ukusasazeka kwezifo. Uluntu luthi luyalwamkela olu phulo kwaye lulindele ukuphucuka kwempilo kwiindawo zalo.",chatgpt-4o,82,machine,2026-05-21T22:14:10.570582,isiXhosa
2,xh,health,Izibhedlele zikawonke-wonke ezikumaphondo ahlukeneyo ziye zaqalisa inkqubo yokunciphisa ixesha lokulinda kwizigulane ngokwandisa abasebenzi kunye nokuphucula inkqubo yokwamkelwa. Amagosa ezempilo athi le nkqubo ijolise ekuphuculeni umgangatho weenkonzo kunye nokunciphisa ukuxinana kwizibhedlele ezinkulu. Iikliniki ezikufutshane nazo zikhuthazwa ukuba ziphathe iimeko ezingxamisekileyo ezincinci ukuze kuncitshiswe uxinzelelo kwizibhedlele. Abahlali bakhuthazwa ukuba basebenzise iinkonzo zokuqala phambi kokuba baye kwizibhedlele ezikhulu. Urhulumente uthi le nkqubo iya kuphucula ukusebenza kwenkqubo yezempilo ngokubanzi. Iinkokeli zoluntu zithi olu tshintsho liza kunceda kakhulu abantu abasengozini.,chatgpt-4o,75,machine,2026-05-21T22:14:10.570600,isiXhosa
3,xh,health,"Ngaphezulu kweendawo ezininzi ezisemaphandleni kuqaliswe inkqubo yokugonya abantu ukuze kuncitshiswe ukusasazeka kwezifo ezithathelwanayo. Amagosa ezempilo athi le nkqubo ijolise ekukhuseleni abantu abadala, abantwana, kunye nabantu abaneemeko zempilo ezibuthathaka. Iindawo zokugonya ziye zasasazwa kwiikliniki nakwiindawo zoluntu ukuze kufikelelwe abantu abaninzi. Abahlali bakhuthazwa ukuba bathathe inxaxheba ukuze bakhusele iintsapho zabo. Urhulumente uthi le nkqubo iyinxalenye yomzamo wokuphucula ukhuseleko lwempilo yesizwe. Iingcali zithi ugonyo luyindlela ebalulekileyo yokuthintela izifo.",chatgpt-4o,65,machine,2026-05-21T22:14:10.570617,isiXhosa
4,xh,infrastructure,Ngaphezulu kweendlela eziphambili ezidibanisa izixeko ezinkulu kuqaliswe inkqubo yokulungisa iindlela ezonakeleyo ezibangela iingozi rhoqo. Umasipala uthi amaqela okwakha sele eqalile ukugcwalisa imingxunya kunye nokuphucula umgangatho weendlela. Le nkqubo ijolise ekwandiseni ukhuseleko lwabashayeli nabahambi ngeenyawo. Abahlali bakhuthazwa ukuba balandele imiqondiso yokwakha ngexesha lomsebenzi. Urhulumente uthi le projekthi iza kunciphisa ukulibaziseka kwezithuthi kunye neengozi ezindleleni. Iinkokeli zoluntu zithi olu phuculo luyimfuneko ekuphuhliseni uqoqosho lwengingqi.,chatgpt-4o,62,machine,2026-05-21T22:14:10.570632,isiXhosa
5,xh,infrastructure,Emaphandleni aseMpuma Koloni kuqaliswe inkqubo yokuphucula unikezelo lwamanzi acocekileyo ngokufaka iipayipi ezintsha kunye nokulungisa imithombo endala. Le nkqubo ijolise ekunciphiseni ukushoda kwamanzi okuhlala kuchaphazela imiphakathi ngexesha lasehlotyeni. Amagosa kamasipala athi umsebenzi uza kwenziwa ngezigaba ukuze kuqinisekiswe ukufikelela ngokulinganayo. Abahlali bakhuthazwa ukuba basebenzise amanzi ngokonga. Urhulumente uthi le projekthi iyinxalenye yesicwangciso sokuphucula iziseko ezingundoqo. Iinkokeli zoluntu zithi le nkqubo iza kuphucula kakhulu umgangatho wobomi.,chatgpt-4o,63,machine,2026-05-21T22:14:10.570649,isiXhosa
6,xh,community,"Emva kweminyaka yokulinda, abahlali baseQonce bagqibe ekubeni babhiyozele ukuvulwa kweholo entsha yoluntu esiza kusetyenziswa kwiintlanganiso, imicimbi yolutsha, kunye nemisebenzi yenkcubeko. Le holo yakhiwe njengenxalenye yenkqubo karhulumente yokuphuhlisa iindawo zoluntu. Amagosa athi le ndawo iza kunceda ekomelezeni ubudlelwane phakathi kwabahlali. Abahlali bavakalise uvuyo ngokuba ngoku banendawo efanelekileyo yokuhlangana. Urhulumente uthi le projekthi ijolise ekwakheni uluntu olunxibeleleneyo nolusebenzisanayo. Iinkokeli zoluntu zithi le holo iza kudlala indima ebalulekileyo ekuphuhliseni ulutsha.",chatgpt-4o,67,machine,2026-05-21T22:14:10.570667,isiXhosa
7,xh,culture,"Ngexesha lomnyhadala wenkcubeko waseMpuma Koloni, abahlali abavela kwiindawo ezahlukeneyo babonise umculo, umdaniso, kunye nobugcisa bemveli. Lo mnyhadala ujolise ekugcineni nasekukhuthazeni inkcubeko yabantu bommandla. Amagosa karhulumente athi imisitho efana nale inceda ekukhuthazeni ukhenketho lwengingqi kunye nokwakha uqoqosho lwasekuhlaleni. Abathathi-nxaxheba bavakalise ulonwabo ngokukwazi ukwabelana ngamasiko abo. Urhulumente uthi le nkqubo iyinxalenye yokuxhasa imvelaphi yenkcubeko yesizwe. Iinkokeli zoluntu zithi inkcubeko idlala indima ebalulekileyo ekwakheni ubunye phakathi kwabantu.",chatgpt-4o,64,machine,2026-05-21T22:14:10.570688,isiXhosa
1,ss,government,"Ngaphezulu kwemiphakatsi lehlukene eveni lonkhe, uhulumeni umemetele luhlelo lolusha loluhlose kuchubekisela embili kufinyelela kwetinsita temmango. Lolu hlelo lugcile ekukhuliseni emanti ahlobile, kugucula tinkinga temandla kagesi, kanye nekulungisa imigwaco lebalulekile. Tikhulu temmango titsi lomsebenti utawentiwa ngezigaba kuze kuqinisekiswe kutsi tonkhe tindzawo tiyafinyelelwa ngaphandle kwekubambezeleka lokukhulu. Bantfu bakhutsatwa kutsi babambe lichaza emihlanganweni yemphakatsi kuze banike imicabango yabo ngekutsi yikuphi lokubaluleke kakhulu. Uhulumeni utsi lolu hlelo luyincenye yesu lelikhulu lekunciphisa kungalingani emkhatsini wemadolobha netindzawo tasemaphandleni. Bantfu bemmango batsi balindzele kubona lushintjo lolubonakalako emnyakeni lotako njengoba emaphrojekthi achubeka asebenta ngekucophelela.",chatgpt-4o,86,machine,2026-05-21T22:14:10.570714,Siswati
2,ss,municipal_services,Umasipala wedolobha lelikhulu umemetele luhlelo lolusha lwekulungisa imigwaco leyonakele leyibangela tingozi letinyenti emalanga onkhe. Lomsebenti ugcile etigwacweni letisetjentiswa kakhulu bantfu labahamba ngema-vehikeli kanye nalabahamba ngetinyawo. Tikhulu temasipala titsi emacembu ekwakha asebenta ngekushesha kugcwalisa imigodzi kanye nekulungisa tindzawo letigugile. Bantfu bakhutsatwa kutsi basebentise tindlela letinye uma imigwaco itsiwa isalungiswa kuze kugwenywe kuphatseka kabi kwetimoto. Uhulumeni wasekhaya utsi lolu hlelo lutawunciphisa tingozi futsi lukhuphule kuphepha emigwacweni. Emiphakatsi yemukele lolu hlelo kepha yacela kutsi umsebenzi usheshiswe kuze kuphila kwansuku tonkhe kungaphazamiseki kakhulu.,chatgpt-4o,79,machine,2026-05-21T22:14:10.570734,Siswati
3,ss,civic_affairs,"Emhlanganweni wemphakatsi lobewubanjelwe edolobheni, bantfu bavakalise tinkinga tabo mayelana nekubambezeleka kwetinsita letifana nekulandvwa kwedoti kanye nekukhanya kwemigwaco lokungasebenti kahle. Tikhulu temasipala tichazile kutsi kukhona kushoda kwetinsita kanye nesabelomali lesilinganiselwe lokuchaphata kushesha kwemsebenti. Uhulumeni wasekhaya utsi sewucale luhlelo lwekukhulisa tisetjentiswa kanye nekutfola basebenti labanye kuze kuncishiswe tinkinga. Bantfu bakhutsatwa kutsi babike tinkinga masinyane kuze kube lula kulungisa. Emholi wemphakatsi utsi kubambisana kubalulekile ekuphuculeni tinsita. Lomhlangano ubukwa njengendlela yekucinisa budlelwano emkhatsini wemphakatsi nohulumeni.",chatgpt-4o,71,machine,2026-05-21T22:14:10.570752,Siswati
4,ss,government,Uhulumeni welive umemetele luhlelo lolusha lwekukhulisa ematfuba emsebenti kulusha ngekugxila ekuqeqesheni emakhono lasetjentiswako. Lolu hlelo lutawuhlanganisa kufundza ekilasini kanye nekusebenta etimbonini kuze bantfu labasha batfole lwati loluphelele. Emabhizinisi labucala atawubambisana nohulumeni ekunikeni ematfuba ekuqeqesha. Lusha lukhutsatwa kutsi lubhalise kuze lutfole emakhono ladzingekako emakethe yemsebenti. Uhulumeni utsi lolu hlelo lutawunciphisa liphasi lelikhulu lekungasebenti. Emiphakatsi itsi ilindzele kubona lushintjo loluhle ekusaseni lebantfu labasha.,chatgpt-4o,61,machine,2026-05-21T22:14:10.570769,Siswati
5,ss,municipal_services,Umasipala waseThekwini umemetele luhlelo lwekuphucula kuhambisa emanti etindzaweni letivame kuba nenkinga yekuntuleka kwemanti. Lolu hlelo lugcile ekwakheni ematanki lamasha kanye nekulungisa emapayipi lamadzala. Tikhulu titsi sekucalile kuhlolwa tindzawo letisengotini lephakeme kuze kubekwe kuhle kusebenta. Bantfu bakhutsatwa kutsi basebentise emanti ngekuwonga kuze kugcinwe kusimama kwalomsebenti. Uhulumeni wasekhaya utsi utawusebentisa tindlela tekwazisa umphakatsi kuze bantfu bati kahle ngalokubalulekile. Lomsebenti ulindzeleke kutsi unciphise kakhulu tinkinga temanti esifundzeni.,chatgpt-4o,64,machine,2026-05-21T22:14:10.570786,Siswati
6,ss,civic_affairs,"Bantfu baseNelson Mandela Bay babambe umhlangano wekukhuluma ngentfutfuko yetinsita temmango kanye netinkinga letibhekene nekuphila kwansuku tonkhe. Kukhulunywe kakhulu ngekuntuleka kwemanti, tinkinga tetindlu, kanye nekubambezeleka kwetinsita letitsintsa bantfu ngco. Tikhulu temasipala tichazile kutsi kunezinhlelo letisachubeka tekuphucula kusebenta kwetinsita. Emiphakatsi itsi kudzingeka kube nekukhuluma lokuchubekako kuze kuncishiswe tinkinga. Uhulumeni utsi kubambisana kubalulekile ekwakheni imiphakatsi lehlala kahle. Lomhlangano uphetse ngemibono lekhombisa isifiso sekubona lushintjo loluhle.",chatgpt-4o,62,machine,2026-05-21T22:14:10.570802,Siswati
7,ss,government,"Ngemuva kwemihlangano yavelonkhe, uhulumeni umemetele tinguquko letisha etinhlelweni tekunakekelwa kwetinsita temmango kuze kuncishiswe kubambezeleka ekuphendvuleni tikhalo tebantfu. Lolu hlelo lutawusebentisa tindlela tedijithali kuze kulandzelwe kahle konkhe lokwentekako. Bantfu batawukwati kubona simo setikhalo tabo ngesikhatsi sangempela. Tikhulu titsi loku kutawukhuphula kubeka obala kanye nekutiphendvulela. Emiphakatsi ikhutsatwa kutsi isebentise lolu hlelo olusha kuze kusheshiswe kulungiswa kwetinkinga. Uhulumeni utsi lolu shintjo lutawuphucula kakhulu kusebenta kwetinsita.",chatgpt-4o,62,machine,2026-05-21T22:14:10.570819,Siswati
8,ss,municipal_services,"Emadolobheni lamancane aseMpumalanga, umasipala ucale luhlelo lwekukhanyisa imigwaco lobekuvamise kuba mnyama ebusuku. Lolu hlelo lugcile ekufakeni emalambu lamasha langasebentisa mandla lamancane futsi ahlala sikhatsi leside. Tikhulu titsi loku kutawunciphisa tingozi kanye nekukhuphula kuphepha kwemphakatsi. Bantfu bavakalise kujabula ngalomsebenti kepha bacela kutsi uhlanganiswe kahle kuze kufinyelelwe tindzawo tonkhe. Uhulumeni wasekhaya utsi lomsebenti utawuchubeka kuze kuphele tindzawo letibalulekile. Loku kubukwa njengentfutfuko lebalulekile emphakatsini.",chatgpt-4o,61,machine,2026-05-21T22:14:10.571229,Siswati
9,ss,government,"Uhulumeni wesifundza umemetele luhlelo lwekukhulisa kufinyelela kwetinsita temmango etindzaweni tasemaphandleni letikhashane nemadolobha. Lolu hlelo lutawugxila ekunikeni emasevisi eliphilo, kufaka emakhliniki, ematfuba emfundo kanye nekuphucula imigwaco. Tikhulu titsi loku kutawunciphisa sidzingo sekutsi bantfu bahambe emabanga lamade kuze batfole lusito. Emiphakatsi itsi iyalwemukela loluhlelo kepha ifuna kube khona kubeka obala ekusetjentisweni kwetinsita. Uhulumeni utsi utawusebentisana netinhlangano temmango kuze kuqinisekiswe kuphumelela kwalomsebenti.",chatgpt-4o,59,machine,2026-05-21T22:14:10.571250,Siswati
10,ss,civic_affairs,"Ngaphakathi kwemphakatsi waseGoli, bantfu bahlangene emhlanganweni wekukhuluma ngentfutfuko yetindzawo tabo kanye netinsita letidzingekako. Kukhulunywe kakhulu ngekulungiswa kwemigwaqo, kukhanyisa tindzawo letimnyama, kanye nekuphucula tinsita temanti. Tikhulu tichazile kutsi kunetinhlelo letisachubeka tekuphucula onkhe la masevisi ngekucophelela. Bantfu bakhutsatwa kutsi bahlale babika tinkinga kuze kulungiswa kusheshiswe. Uhulumeni utsi kubambisana kwemphakatsi kubalulekile ekwakheni tindzawo letihlala kahle. Lomhlangano uphetse ngemoya wekusebenta ndzawonye nekutfutfukisa imphilo yabantfu.",chatgpt-4o,60,machine,2026-05-21T22:14:10.571267,Siswati
1,ss,government,"Ngaphezulu kwemiphakatsi lehlukene eveni lonkhe, uhulumeni umemetele luhlelo lolusha loluhlose kuchubekisela embili kusebenta kwetinsita temmango. Lolu hlelo lugcile ekuphuculeni kufinyelela emanti ahlobile, kugucula netinhlelo temandla kagesi, kanye nekulungisa imigwaco lebalulekile. Tikhulu titsi lomsebenti utawentiwa ngezigaba kuze kuqinisekiswe kutsi tonkhe tindzawo tiyafinyelelwa ngendlela lefanele. Bantfu bakhutsatwa kutsi babambe lichaza emihlanganweni yemphakatsi kuze banike imibono yabo. Uhulumeni utsi lolu hlelo luyincenye yesu lelikhulu lekunciphisa kungalingani emkhatsini wemadolobha netindzawo tasemaphandleni. Emiphakatsi itsi ilindzele kubona lushintjo lolubonakalako njengoba emaphrojekthi achubeka asebenta ngekucophelela.",chatgpt-4o,78,machine,2026-05-21T22:14:10.571286,Siswati
2,ss,municipal_services,Umasipala wedolobha lelikhulu umemetele luhlelo lwekulungisa imigwaco leyonakele leyibangela tingozi letinyenti kubashayeli nabahamba ngetinyawo. Lomsebenti ugcile etigwacweni letisetjentiswa kakhulu ngulomphakatsi malanga onkhe. Tikhulu temasipala titsi emacembu ekwakha asebenta ngekushesha kugcwalisa imigodzi kanye nekulungisa tindzawo letigugile. Bantfu bakhutsatwa kutsi basebentise tindlela letinye uma imigwaco ivaliwe kuze kugwenywe kubambezeleka. Uhulumeni wasekhaya utsi lolu hlelo lutawunciphisa tingozi futsi lukhuphule kuphepha kwemigwaco. Emiphakatsi yemukele lolu hlelo kepha yacela kutsi kusheshiswe kwenteka kwemsebenti.,chatgpt-4o,68,machine,2026-05-21T22:14:10.571302,Siswati
3,ss,civic_affairs,"Emhlanganweni wemphakatsi lobewubanjelwe edolobheni, bantfu bavakalise tinkinga tabo mayelana nekubambezeleka kwetinsita letifana nekulandvwa kwedoti kanye nekukhanya kwemigwaco lokungasebenti kahle. Tikhulu temasipala tichazile kutsi kukhona kushoda kwetinsita kanye nesabelomali lesilinganiselwe lokuchaphata kushesha kwemsebenti. Uhulumeni wasekhaya utsi sewucale luhlelo lwekukhulisa tisetjentiswa kanye nekutfola basebenti labanye kuze kuncishiswe tinkinga. Bantfu bakhutsatwa kutsi babike tinkinga masinyane kuze kulungiswa kusheshiswe. Emholi wemphakatsi utsi kubambisana kubalulekile ekuphuculeni tinsita. Lomhlangano ubukwa njengendlela yekucinisa budlelwano emkhatsini wemphakatsi nohulumeni.",chatgpt-4o,70,machine,2026-05-21T22:14:10.571320,Siswati
4,ss,government,Uhulumeni wesifundza umemetele luhlelo lolusha lwekukhulisa ematfuba emsebenti kulusha ngekugxila ekuqeqesheni emakhono lasetjentiswako. Lolu hlelo lutawuhlanganisa kufundza ekilasini kanye nekusebenta etimbonini kuze bantfu labasha batfole lwati loluphelele. Emabhizinisi labucala atawubambisana nohulumeni ekunikeni ematfuba ekuqeqesha. Lusha lukhutsatwa kutsi lubhalise kuze lutfole emakhono ladzingekako emakethe yemsebenti. Uhulumeni utsi lolu hlelo lutawunciphisa liphasi lelikhulu lekungasebenti. Emiphakatsi itsi ilindzele kubona lushintjo loluhle ekusaseni lebantfu labasha.,chatgpt-4o,61,machine,2026-05-21T22:14:10.571345,Siswati
5,ss,municipal_services,Umasipala waseThekwini umemetele luhlelo lwekuphucula kuhambisa emanti etindzaweni letivame kuba nenkinga yekuntuleka kwemanti. Lolu hlelo lugcile ekulungiseni emapayipi lamadzala kanye nekufaka ematanki lamasha. Tikhulu titsi sekucalile kuhlolwa tindzawo letisengotini lephakeme kuze kulungiswe tinkinga masinyane. Bantfu bakhutsatwa kutsi basebentise emanti ngekuwonga kuze kugcinwe kusimama kwalomsebenti. Uhulumeni wasekhaya utsi utawuchubeka nekuchazela umphakatsi ngemsebenti lochubekako. Lomsebenti ulindzeleke kutsi unciphise kakhulu tinkinga temanti.,chatgpt-4o,59,machine,2026-05-21T22:14:10.571362,Siswati
6,ss,civic_affairs,"Bantfu baseNelson Mandela Bay babambe umhlangano wekukhuluma ngentfutfuko yetinsita temmango kanye netinkinga letibhekene nekuphila kwansuku tonkhe. Kukhulunywe kakhulu ngekuntuleka kwemanti, tinkinga tetindlu, kanye nekubambezeleka kwetinsita letitsintsa bantfu ngco. Tikhulu temasipala tichazile kutsi kunetinhlelo letisachubeka tekuphucula kusebenta kwetinsita. Emiphakatsi itsi kudzingeka kube nekukhulumisana lokuchubekako kuze kuncishiswe tinkinga. Uhulumeni utsi kubambisana kubalulekile ekwakheni imiphakatsi lehlala kahle. Lomhlangano uphetse ngemibono lekhombisa sifiso sekubona lushintjo loluhle.",chatgpt-4o,62,machine,2026-05-21T22:14:10.571377,Siswati
7,ss,government,"Ngemuva kwemihlangano yavelonkhe, uhulumeni umemetele tinguquko letisha etinhlelweni tekunakekelwa kwetinsita temmango kuze kuncishiswe kubambezeleka ekuphendvuleni tikhalo tebantfu. Lolu hlelo lutawusebentisa tindlela tedijithali kuze kulandzelwe kahle konkhe lokwentekako. Bantfu batawukwati kubona simo setikhalo tabo ngesikhatsi sangempela. Tikhulu titsi loku kutawukhuphula kubeka obala kanye nekutiphendvulela. Emiphakatsi ikhutsatwa kutsi isebentise lolu hlelo olusha kuze kusheshiswe kulungiswa kwetinkinga. Uhulumeni utsi lolu shintjo lutawuphucula kakhulu kusebenta kwetinsita.",chatgpt-4o,62,machine,2026-05-21T22:14:10.571393,Siswati
8,ss,municipal_services,"Emadolobheni lamancane nasezindzaweni tasemakhaya, umasipala sewucale luhlelo lwekukhanyisa imigwaco lobekuvamise kuba mnyama ebusuku. Lolu hlelo lugcile ekufakeni emalambu lamasha lasindzisa mandla kagesi futsi ahlala sikhatsi leside. Tikhulu titsi loku kutawunciphisa tingozi kanye nekukhuphula kuphepha kwemphakatsi. Bantfu bavakalise kujabula ngalomsebenti kepha bacela kutsi tindzawo tonkhe tifinyelelwe. Uhulumeni wasekhaya utsi lomsebenti utawuchubeka kancane kancane kuze kuphele tindzawo letibalulekile. Loku kubukwa njengentfutfuko lebalulekile ekuphuculeni imphilo yansuku tonkhe.",chatgpt-4o,64,machine,2026-05-21T22:14:10.571413,Siswati
